,Year,Conference,Schls,W,L,W-L%,SRS,SOS,AP,NCAA,FF,Regular Season Champ,Tournament Champ
0,1993,Atlantic Coast Conference,9,181,100,.644,15.41,10.03,5,6,1,North Carolina,Georgia Tech
1,1993,Big Eight Conference,8,157,92,.631,14.21,8.54,2,6,1,Kansas,Missouri
2,1993,Big Ten Conference,11,203,130,.610,13.28,9.38,4,5,1,,Indiana
3,1993,Great Midwest Conference,6,116,71,.620,12.38,6.13,1,3,0,Cincinnati,Cincinnati
4,1993,Big East Conference,10,175,126,.581,11.98,8.51,1,3,0,Seton Hall,Seton Hall
5,1993,Southeastern Conference,12,209,150,.582,10.50,7.92,3,4,1,"Vanderbilt (East), Arkansas (West)",Kentucky
6,1993,Atlantic 10 Conference,8,142,95,.599,9.11,5.78,1,4,0,Massachusetts,Massachusetts
7,1993,Pacific-10 Conference,10,161,129,.555,8.93,7.50,1,3,0,,Arizona
8,1993,Metropolitan Collegiate Athletic Conference,7,107,95,.530,5.09,3.77,1,2,0,Louisville,Louisville
9,1993,Big West Conference,10,150,134,.528,3.22,2.88,2,2,0,New Mexico State,Long Beach State
10,1993,Southwest Conference,8,120,106,.531,2.92,2.71,0,2,0,Southern Methodist,Texas Tech
11,1993,Western Athletic Conference,10,166,134,.553,2.73,2.82,2,3,0,"Brigham Young, Utah",New Mexico
12,1993,Missouri Valley Conference,10,143,142,.502,1.47,2.19,0,1,0,Illinois State,Southern Illinois
13,1993,Midwestern Collegiate Conference,8,111,116,.489,1.12,2.15,0,2,0,"Evansville, Xavier",Evansville
14,1993,Sun Belt Conference,10,144,135,.516,0.97,0.71,2,2,0,New Orleans,Western Kentucky
15,1993,Colonial Athletic Association,8,119,108,.524,0.28,-0.01,0,1,0,"James Madison, Old Dominion",East Carolina
16,1993,West Coast Conference,8,120,109,.524,-3.39,-2.19,0,1,0,Pepperdine,Santa Clara
17,1993,Metro Atlantic Athletic Conference,8,113,112,.502,-3.70,-3.19,0,1,0,Manhattan,Manhattan
18,1993,Mid-American Conference,10,141,144,.495,-4.28,-2.86,0,1,0,"Ball State, Miami (OH)",Ball State
19,1993,Big Sky Conference,8,117,107,.522,-5.14,-4.42,0,1,0,Idaho,Boise State
20,1993,Southern Conference,10,139,143,.493,-6.00,-4.28,0,1,0,Chattanooga,Chattanooga
21,1993,Ivy League,8,103,106,.493,-6.11,-4.89,0,1,0,,Pennsylvania
22,1993,Southland Conference,10,133,139,.489,-6.50,-4.39,0,1,0,Louisiana-Monroe,Louisiana-Monroe
23,1993,Mid-Continent Conference,9,119,133,.472,-6.57,-5.11,0,1,0,Cleveland State,Wright State
24,1993,North Atlantic Conference,8,110,113,.493,-8.06,-6.48,0,1,0,"Drexel, Northeastern",Delaware
25,1993,Southwest Athletic Conference,8,106,122,.465,-9.09,-5.49,0,1,0,Jackson State,Southern
26,1993,Ohio Valley Conference,9,113,134,.457,-9.12,-4.80,0,1,0,Tennessee State,Tennessee State
27,1993,Patriot League,8,102,123,.453,-9.49,-6.76,0,1,0,Bucknell,Holy Cross
28,1993,Trans America Athletic Conference,9,126,120,.512,-9.49,-7.39,0,0,0,,Florida International
29,1993,Independent,11,111,186,.374,-10.14,-2.70,0,0,0,,0
30,1993,Northeast Conference,10,124,159,.438,-10.86,-8.24,0,1,0,Rider,Rider
31,1993,Big South Conference,10,132,154,.462,-13.05,-9.31,0,1,0,Towson,Coastal Carolina
32,1993,Mid-Eastern Athletic Conference,9,110,141,.438,-16.39,-10.91,0,1,0,Coppin State,Coppin State
0,1994,Big Ten Conference,11,203,129,.611,15.14,10.35,4,7,0,,Purdue
1,1994,Big East Conference,10,183,121,.602,14.06,9.34,2,6,0,Connecticut,Providence
2,1994,Big Eight Conference,8,158,89,.640,12.48,7.39,4,4,0,Missouri,Nebraska
3,1994,Atlantic Coast Conference,9,171,112,.604,12.41,8.40,2,5,1,Duke,North Carolina
4,1994,Southeastern Conference,12,209,154,.576,10.91,7.95,3,4,2,"Florida (East), Kentucky (East), Arkansas (West)",Kentucky
5,1994,Great Midwest Conference,7,126,82,.606,10.23,5.30,3,4,0,Marquette,Cincinnati
6,1994,Pacific-10 Conference,10,161,128,.557,9.52,7.57,3,4,1,,Arizona
7,1994,Metropolitan Collegiate Athletic Conference,7,119,85,.583,9.17,5.18,1,1,0,Louisville,Louisville
8,1994,Atlantic 10 Conference,9,149,115,.564,7.40,5.72,2,3,0,Massachusetts,Massachusetts
9,1994,West Coast Conference,8,121,107,.531,2.94,1.99,0,1,0,Gonzaga,Pepperdine
10,1994,Western Athletic Conference,10,165,131,.557,2.61,2.54,0,2,0,New Mexico,Hawaii
11,1994,Southwest Conference,8,114,115,.498,1.46,1.51,1,1,0,Texas,Texas
12,1994,Midwestern Collegiate Conference,6,94,80,.540,1.29,0.73,0,0,0,Xavier,Detroit Mercy
13,1994,Missouri Valley Conference,10,144,140,.507,-0.31,0.41,0,2,0,"Southern Illinois, Tulsa",Southern Illinois
14,1994,Mid-American Conference,10,148,132,.529,-0.32,-0.65,0,1,0,Ohio,Ohio
15,1994,Big Sky Conference,8,126,96,.568,-0.80,-0.85,0,1,0,"Idaho State, Weber State",Boise State
16,1994,Big West Conference,10,143,143,.500,-0.86,0.19,0,1,0,New Mexico State,New Mexico State
17,1994,Sun Belt Conference,10,148,135,.523,-1.26,-1.18,0,2,0,Western Kentucky,Louisiana
18,1994,Colonial Athletic Association,8,110,115,.489,-3.01,-2.73,0,1,0,"James Madison, Old Dominion",James Madison
19,1994,Metro Atlantic Athletic Conference,8,118,112,.513,-3.45,-3.30,0,1,0,Canisius,Loyola (MD)
20,1994,Mid-Continent Conference,10,137,147,.482,-5.08,-3.58,0,1,0,Green Bay,Green Bay
21,1994,Southern Conference,10,138,145,.488,-5.10,-2.49,0,1,0,Chattanooga,Chattanooga
22,1994,North Atlantic Conference,8,118,105,.529,-5.94,-5.90,0,1,0,Drexel,Drexel
23,1994,Ohio Valley Conference,9,113,141,.445,-7.35,-3.97,0,1,0,Murray State,Tennessee State
24,1994,Independent,6,55,110,.333,-8.17,-0.39,0,0,0,,0
25,1994,Southland Conference,10,134,146,.479,-8.31,-6.07,0,1,0,Louisiana-Monroe,Texas State
26,1994,Trans America Athletic Conference,10,127,153,.454,-8.91,-5.44,0,2,0,College of Charleston,Central Florida
27,1994,Northeast Conference,10,128,151,.459,-8.98,-6.68,0,1,0,Rider,Rider
28,1994,Ivy League,8,98,112,.467,-9.63,-6.66,0,1,0,,Pennsylvania
29,1994,Big South Conference,10,131,147,.471,-10.22,-6.99,0,1,0,Towson,Liberty
30,1994,Patriot League,8,96,127,.430,-11.46,-8.12,0,1,0,"Colgate, Fordham, Holy Cross, Navy",Navy
31,1994,Mid-Eastern Athletic Conference,9,109,145,.429,-13.32,-8.76,0,1,0,Coppin State,North Carolina A&T
32,1994,Southwest Athletic Conference,8,100,123,.448,-14.98,-9.53,0,1,0,Texas Southern,Texas Southern
33,1994,East Coast Conference,6,57,108,.345,-17.73,-7.86,0,0,0,Troy,Hofstra
0,1995,Atlantic Coast Conference,9,175,102,.632,17.13,10.60,4,4,1,"Maryland, North Carolina, Virginia, Wake Forest",Wake Forest
1,1995,Big Eight Conference,8,163,87,.652,13.92,8.65,5,5,1,Kansas,Oklahoma State
2,1995,Pacific-10 Conference,10,173,120,.590,12.77,9.40,3,5,1,,UCLA
3,1995,Southeastern Conference,12,210,148,.587,12.03,8.21,4,5,1,"Kentucky (East), Arkansas (West), Mississippi State (West)",Kentucky
4,1995,Great Midwest Conference,7,128,89,.590,10.41,5.41,0,3,0,Memphis,Cincinnati
5,1995,Big East Conference,10,175,124,.585,9.90,6.80,4,4,0,Connecticut,Villanova
6,1995,Big Ten Conference,11,187,144,.565,9.40,6.98,2,6,0,,Purdue
7,1995,Metropolitan Collegiate Athletic Conference,7,137,82,.626,9.16,4.77,0,3,0,Charlotte,Louisville
8,1995,Atlantic 10 Conference,9,144,121,.543,8.29,6.68,1,2,0,Massachusetts,Massachusetts
9,1995,Western Athletic Conference,10,163,135,.547,5.78,5.10,1,2,0,Utah,Utah
10,1995,Missouri Valley Conference,11,168,147,.533,2.91,2.36,0,2,0,Tulsa,Southern Illinois
11,1995,Big Sky Conference,8,124,99,.556,2.45,1.80,0,1,0,"Montana, Weber State",Weber State
12,1995,Big West Conference,10,147,141,.510,2.37,2.77,0,1,0,Utah State,Long Beach State
13,1995,West Coast Conference,8,123,103,.544,1.66,0.62,0,2,0,Santa Clara,Gonzaga
14,1995,Mid-American Conference,10,151,133,.532,1.10,1.51,0,2,0,Miami (OH),Ball State
15,1995,Southwest Conference,8,113,115,.496,1.00,1.69,0,1,0,"Texas, Texas Tech",Texas
16,1995,Midwestern Collegiate Conference,11,154,153,.502,-2.42,-1.89,0,2,0,Xavier,Green Bay
17,1995,North Atlantic Conference,9,132,122,.520,-3.78,-3.73,0,1,0,Drexel,Drexel
18,1995,Metro Atlantic Athletic Conference,8,111,124,.472,-4.26,-2.94,0,2,0,Manhattan,Saint Peter's
19,1995,Colonial Athletic Association,8,103,125,.452,-4.36,-2.27,0,1,0,Old Dominion,Old Dominion
20,1995,Independent,2,25,29,.463,-4.42,-0.48,0,0,0,,0
21,1995,Sun Belt Conference,10,145,139,.511,-4.65,-3.49,1,1,0,Western Kentucky,Western Kentucky
22,1995,Southern Conference,10,127,151,.457,-8.43,-4.26,0,1,0,"Marshall (North), Chattanooga (South)",Chattanooga
23,1995,Big South Conference,9,119,129,.480,-8.54,-5.59,0,0,0,UNC Greensboro,Charleston Southern
24,1995,Trans America Athletic Conference,11,141,164,.462,-9.28,-5.92,0,1,0,College of Charleston,Florida International
25,1995,Southland Conference,10,134,144,.482,-9.38,-6.71,0,1,0,Nicholls State,Nicholls State
26,1995,Ohio Valley Conference,9,120,129,.482,-9.43,-6.32,0,1,0,"Murray State, Tennessee State",Murray State
27,1995,Ivy League,8,92,118,.438,-10.80,-7.85,0,1,0,,Pennsylvania
28,1995,Mid-Continent Conference,10,128,144,.471,-10.87,-8.36,0,0,0,Valparaiso,Valparaiso
29,1995,Northeast Conference,10,127,152,.455,-10.93,-8.29,0,1,0,Rider,Mount St. Mary's
30,1995,Patriot League,8,101,122,.453,-11.72,-8.61,0,1,0,"Bucknell, Colgate",Colgate
31,1995,Southwest Athletic Conference,8,99,122,.448,-14.55,-9.34,0,1,0,Texas Southern,Texas Southern
32,1995,American West Conference,4,32,78,.291,-14.60,-3.32,0,0,0,Southern Utah,Southern Utah
33,1995,Mid-Eastern Athletic Conference,9,102,151,.403,-16.76,-10.07,0,1,0,Coppin State,North Carolina A&T
0,1996,Atlantic Coast Conference,9,164,111,.596,14.98,10.20,3,6,0,Georgia Tech,Wake Forest
1,1996,Big East Conference,13,231,163,.586,13.33,9.76,4,5,1,"Connecticut (Big East 6), Georgetown (Big East 7)",Connecticut
2,1996,Southeastern Conference,12,226,148,.604,11.33,7.44,2,4,2,"Kentucky (East), Mississippi State (West)",Mississippi State
3,1996,Big Ten Conference,11,196,140,.583,11.13,7.83,3,5,0,,Purdue
4,1996,Big Eight Conference,8,152,96,.613,10.46,6.54,2,4,0,Kansas,Iowa State
5,1996,Conference USA,11,198,135,.595,9.75,6.00,4,4,0,"Cincinnati (Blue), Tulane (Red), Memphis (White)",Cincinnati
6,1996,Pacific-10 Conference,10,161,130,.553,8.61,6.97,2,4,0,,UCLA
7,1996,Western Athletic Conference,10,167,133,.557,6.24,4.86,2,2,0,Utah,New Mexico
8,1996,Atlantic 10 Conference,12,195,168,.537,5.04,4.15,2,4,1,"Massachusetts (East), George Washington (West), Virginia Tech (West)",Massachusetts
9,1996,Southwest Conference,8,125,105,.543,3.24,2.70,1,2,0,Texas Tech,Texas Tech
10,1996,Missouri Valley Conference,11,164,152,.519,2.56,1.82,0,2,0,Bradley,Tulsa
11,1996,Mid-American Conference,10,148,135,.523,2.38,2.20,0,1,0,Eastern Michigan,Eastern Michigan
12,1996,West Coast Conference,8,129,99,.566,0.79,0.22,0,2,0,"Gonzaga, Santa Clara",Portland
13,1996,Sun Belt Conference,10,141,139,.504,-0.58,-0.25,0,1,0,"Little Rock, New Orleans",New Orleans
14,1996,Big West Conference,10,132,146,.475,-0.94,-0.02,0,1,0,Long Beach State,San Jose State
15,1996,Colonial Athletic Association,9,123,136,.475,-1.88,-0.97,0,1,0,Virginia Commonwealth,Virginia Commonwealth
16,1996,Midwestern Collegiate Conference,9,128,122,.512,-2.18,-1.56,0,2,0,Green Bay,Northern Illinois
17,1996,Metro Atlantic Athletic Conference,8,122,105,.537,-2.20,-2.68,0,1,0,"Fairfield, Iona",Canisius
18,1996,Big Sky Conference,8,108,114,.486,-3.88,-2.30,0,1,0,Montana State,Montana State
19,1996,North Atlantic Conference,10,128,152,.457,-6.02,-4.17,0,1,0,Drexel,Drexel
20,1996,Ohio Valley Conference,9,122,128,.488,-6.88,-4.17,0,1,0,Murray State,Austin Peay
21,1996,Southern Conference,10,130,147,.469,-7.45,-4.26,0,1,0,"Davidson (North), Western Carolina (South)",Western Carolina
22,1996,Ivy League,8,105,107,.495,-7.91,-6.31,0,1,0,,Princeton
23,1996,Southland Conference,10,120,152,.441,-8.24,-5.64,0,1,0,Louisiana-Monroe,Louisiana-Monroe
24,1996,Trans America Athletic Conference,12,162,170,.488,-8.65,-6.72,0,1,0,"College of Charleston (East), Samford (West), Southeastern Louisiana (West)",Central Florida
25,1996,Northeast Conference,10,135,147,.479,-9.05,-7.01,0,1,0,Mount St. Mary's,Monmouth
26,1996,American West Conference,4,45,66,.405,-10.31,-3.99,0,0,0,Cal Poly,Southern Utah
27,1996,Big South Conference,8,101,120,.457,-10.73,-6.96,0,1,0,UNC Greensboro,UNC Greensboro
28,1996,Independent,2,22,31,.415,-11.31,-3.65,0,0,0,,0
29,1996,Patriot League,7,81,114,.415,-11.78,-7.62,0,1,0,"Colgate, Navy",Colgate
30,1996,Mid-Continent Conference,10,128,151,.459,-13.71,-9.96,0,1,0,Valparaiso,Valparaiso
31,1996,Southwest Athletic Conference,8,101,118,.461,-15.48,-9.72,0,1,0,"Jackson State, Mississippi Valley State",Mississippi Valley State
32,1996,Mid-Eastern Athletic Conference,10,116,159,.422,-16.86,-10.85,0,1,0,"Coppin State, South Carolina State",South Carolina State
0,1997,Atlantic Coast Conference,9,184,102,.643,16.95,10.46,5,6,1,Duke,North Carolina
1,1997,Pacific-10 Conference,10,175,124,.585,12.73,9.52,3,5,1,,UCLA
2,1997,Big Ten Conference,11,201,136,.596,12.42,9.09,2,6,1,,Minnesota
3,1997,Big East Conference,13,232,169,.579,10.42,7.70,2,4,0,"Boston College (Big East 6), Villanova (Big East 6), Georgetown (Big East 7)",Boston College
4,1997,Southeastern Conference,12,219,157,.582,10.31,6.81,3,5,1,"South Carolina (East), Mississippi (West)",Kentucky
5,1997,Big 12 Conference,12,222,147,.602,10.23,6.73,3,5,0,Kansas,Kansas
6,1997,Atlantic 10 Conference,12,190,162,.540,7.88,5.95,2,5,0,"Saint Joseph's (East), Xavier (West)",Saint Joseph's
7,1997,Conference USA,12,195,166,.540,5.49,4.11,2,4,0,"Cincinnati (Blue), Tulane (Red), Charlotte (White), Memphis (White)",Marquette
8,1997,Western Athletic Conference,16,269,203,.570,4.66,3.57,2,3,0,"Utah (Mountain), Fresno State (Pacific), Hawaii (Pacific)",Utah
9,1997,Missouri Valley Conference,10,154,141,.522,3.73,2.95,0,1,0,Illinois State,Illinois State
10,1997,Mid-American Conference,10,149,135,.525,1.18,1.14,0,1,0,"Bowling Green State, Miami (OH)",Miami (OH)
11,1997,Colonial Athletic Association,9,131,125,.512,-1.00,-0.91,0,1,0,"Old Dominion, UNC Wilmington",Old Dominion
12,1997,West Coast Conference,8,109,115,.487,-1.16,-0.22,0,1,0,"Saint Mary's (CA), Santa Clara",Saint Mary's (CA)
13,1997,Big West Conference,12,174,164,.515,-1.26,-0.53,0,1,0,"Nevada (East), New Mexico State (East), Utah State (East), Pacific (West)",Pacific
14,1997,Midwestern Collegiate Conference,9,116,140,.453,-2.81,-0.81,0,1,0,Butler,Butler
15,1997,Metro Atlantic Athletic Conference,8,105,121,.465,-3.93,-3.25,0,1,0,Iona,Fairfield
16,1997,Sun Belt Conference,10,140,142,.496,-4.56,-3.29,0,1,0,"New Orleans, South Alabama",South Alabama
17,1997,America East Conference,10,139,148,.484,-5.16,-3.76,0,1,0,Boston University,Boston University
18,1997,Independent,3,37,44,.457,-5.32,-1.38,0,0,0,,0
19,1997,Big Sky Conference,8,111,115,.491,-5.48,-3.40,0,1,0,Northern Arizona,Montana
20,1997,Ivy League,8,106,104,.505,-5.79,-5.06,0,1,0,,Princeton
21,1997,Mid-Continent Conference,9,123,128,.490,-7.47,-5.32,0,1,0,Valparaiso,Valparaiso
22,1997,Northeast Conference,10,130,149,.466,-8.10,-6.33,0,1,0,Long Island University,Long Island University
23,1997,Southern Conference,10,142,142,.500,-9.05,-5.39,0,1,0,"Davidson (North), Marshall (North), Chattanooga (South)",Chattanooga
24,1997,Ohio Valley Conference,10,131,153,.461,-9.95,-6.97,0,1,0,"Austin Peay, Murray State",Murray State
25,1997,Big South Conference,8,111,118,.485,-10.03,-6.16,0,1,0,"Liberty, UNC Asheville",Charleston Southern
26,1997,Southland Conference,9,112,135,.453,-11.51,-7.68,0,1,0,"Louisiana-Monroe, McNeese State, Texas State",Texas State
27,1997,Patriot League,7,80,114,.412,-12.28,-7.60,0,1,0,Navy,Navy
28,1997,Mid-Eastern Athletic Conference,10,113,165,.406,-13.25,-8.79,0,1,0,Coppin State,Coppin State
29,1997,Trans America Athletic Conference,12,149,182,.450,-13.54,-9.84,1,1,0,"College of Charleston (East), Samford (West)",College of Charleston
30,1997,Southwest Athletic Conference,8,94,131,.418,-16.64,-9.97,0,1,0,Mississippi Valley State,Jackson State
0,1998,Atlantic Coast Conference,9,186,109,.631,16.05,10.09,3,5,1,Duke,North Carolina
1,1998,Big Ten Conference,11,207,144,.590,12.59,8.37,4,5,0,"Illinois, Michigan State",Michigan
2,1998,Southeastern Conference,12,233,143,.620,11.48,6.97,4,5,1,"Kentucky (East), Mississippi (West)",Kentucky
3,1998,Pacific-10 Conference,10,179,127,.585,10.08,8.03,3,4,1,,Arizona
4,1998,Big East Conference,13,231,167,.580,9.43,7.07,2,5,0,"Connecticut (Big East 6), Syracuse (Big East 7)",Connecticut
5,1998,Big 12 Conference,12,206,158,.566,7.18,5.12,1,4,0,Kansas,Kansas
6,1998,Atlantic 10 Conference,12,198,165,.545,6.43,5.04,2,5,0,"Temple (East), Dayton (West), George Washington (West), Xavier (West)",Xavier
7,1998,Conference USA,12,201,172,.539,5.95,5.02,1,3,0,"Cincinnati (American), Memphis (National)",Cincinnati
8,1998,Western Athletic Conference,16,272,204,.571,5.45,3.81,3,4,1,"Utah (Mountain), TCU (Pacific)",Nevada-Las Vegas
9,1998,Missouri Valley Conference,10,148,146,.503,2.05,1.66,0,1,0,Illinois State,Illinois State
10,1998,West Coast Conference,8,124,103,.546,1.77,1.22,0,1,0,Gonzaga,San Francisco
11,1998,Midwestern Collegiate Conference,8,126,107,.541,0.75,1.09,0,3,0,"Detroit Mercy, Illinois-Chicago",Butler
12,1998,Mid-American Conference,12,165,167,.497,0.14,1.00,0,2,0,"Akron (East), Ball State (West)",Eastern Michigan
13,1998,Metro Atlantic Athletic Conference,10,144,139,.509,-1.67,-1.99,0,1,0,Iona,Iona
14,1998,Big West Conference,12,171,174,.496,-1.77,-0.09,0,1,0,"Utah State (East), Pacific (West)",Utah State
15,1998,Colonial Athletic Association,9,123,131,.484,-1.91,-1.32,0,1,0,"UNC Wilmington, William & Mary",Richmond
16,1998,Sun Belt Conference,10,137,145,.486,-3.42,-2.33,0,1,0,"Arkansas State, South Alabama",South Alabama
17,1998,America East Conference,10,141,142,.498,-5.13,-4.25,0,1,0,"Boston University, Delaware",Delaware
18,1998,Big Sky Conference,8,105,118,.471,-5.25,-3.26,0,1,0,Northern Arizona,Northern Arizona
19,1998,Northeast Conference,9,118,135,.466,-7.51,-5.71,0,1,0,Long Island University,Fairleigh Dickinson
20,1998,Ivy League,8,102,112,.477,-8.12,-6.37,1,1,0,,Princeton
21,1998,Ohio Valley Conference,10,137,145,.486,-8.20,-5.68,1,1,0,Murray State,Murray State
22,1998,Mid-Continent Conference,9,117,137,.461,-9.52,-5.41,0,1,0,Valparaiso,Valparaiso
23,1998,Southern Conference,11,143,165,.464,-10.25,-6.20,0,1,0,"Appalachian State (North), Davidson (North), Chattanooga (South)",Davidson
24,1998,Southland Conference,10,123,150,.451,-10.69,-7.28,0,1,0,Nicholls State,Nicholls State
25,1998,Patriot League,7,86,109,.441,-11.06,-7.60,0,1,0,"Lafayette, Navy",Navy
26,1998,Trans America Athletic Conference,12,152,179,.459,-11.17,-8.19,0,1,0,"College of Charleston (East), Georgia State (West)",College of Charleston
27,1998,Southwest Athletic Conference,8,101,124,.449,-12.86,-8.42,0,1,0,Texas Southern,Prairie View
28,1998,Big South Conference,7,84,111,.431,-13.61,-8.45,0,1,0,UNC Asheville,Radford
29,1998,Mid-Eastern Athletic Conference,11,121,183,.398,-15.74,-10.18,0,1,0,Coppin State,South Carolina State
0,1999,Atlantic Coast Conference,9,187,110,.630,14.78,9.04,3,3,1,Duke,Duke
1,1999,Big Ten Conference,11,217,134,.618,14.49,10.47,5,7,2,Michigan State,Michigan State
2,1999,Pacific-10 Conference,10,180,121,.598,11.70,8.62,3,4,0,,Stanford
3,1999,Southeastern Conference,12,229,149,.606,11.44,6.67,5,6,0,"Tennessee (East), Auburn (West)",Kentucky
4,1999,Big East Conference,13,236,171,.580,10.86,7.92,3,5,1,Connecticut,Connecticut
5,1999,Conference USA,12,199,161,.553,8.04,5.90,2,4,0,"Cincinnati (American), UAB (National)",Charlotte
6,1999,Big 12 Conference,12,211,166,.560,7.48,5.26,1,5,0,Texas,Kansas
7,1999,Missouri Valley Conference,10,162,133,.549,6.31,4.88,0,3,0,Evansville,Creighton
8,1999,Atlantic 10 Conference,12,183,178,.507,4.75,4.38,0,3,0,"Temple (East), George Washington (West)",Rhode Island
9,1999,Western Athletic Conference,16,264,208,.559,4.61,2.81,2,3,0,"Nevada-Las Vegas (Mountain), Tulsa (Mountain), Utah (Pacific)",Utah
10,1999,Mid-American Conference,13,189,170,.526,1.69,2.04,0,2,0,"Miami (OH) (East), Toledo (West)",Kent State
11,1999,West Coast Conference,8,124,114,.521,0.46,1.18,0,1,0,Gonzaga,Gonzaga
12,1999,Midwestern Collegiate Conference,8,114,117,.494,-1.30,0.05,0,1,0,Detroit Mercy,Detroit Mercy
13,1999,Sun Belt Conference,8,113,116,.493,-1.67,-0.79,0,1,0,Louisiana Tech,Arkansas State
14,1999,Colonial Athletic Association,9,129,130,.498,-2.09,-2.27,0,1,0,George Mason,George Mason
15,1999,Big Sky Conference,9,128,126,.504,-3.08,-1.57,0,1,0,Weber State,Weber State
16,1999,Big West Conference,12,159,173,.479,-4.39,-2.02,0,1,0,"Boise State (East), New Mexico State (East), UC Santa Barbara (West)",New Mexico State
17,1999,Metro Atlantic Athletic Conference,10,145,139,.511,-4.80,-4.65,0,1,0,"Niagara, Siena",Siena
18,1999,Mid-Continent Conference,8,105,125,.457,-6.16,-3.26,0,1,0,"Oral Roberts, Valparaiso",Valparaiso
19,1999,Ohio Valley Conference,10,131,152,.463,-7.81,-4.50,0,1,0,Murray State,Murray State
20,1999,America East Conference,10,137,147,.482,-8.35,-6.66,0,1,0,"Delaware, Drexel",Delaware
21,1999,Ivy League,8,99,114,.465,-8.72,-6.90,0,1,0,,Pennsylvania
22,1999,Southern Conference,12,168,168,.500,-8.96,-5.74,1,1,0,"Appalachian State (North), College of Charleston (South)",College of Charleston
23,1999,Independent,2,15,39,.278,-9.08,-1.73,0,0,0,,0
24,1999,Northeast Conference,11,142,164,.464,-9.75,-7.73,0,1,0,Maryland-Baltimore County,Mount St. Mary's
25,1999,Southland Conference,11,135,164,.452,-10.63,-6.99,0,1,0,Texas State,UTSA
26,1999,Trans America Athletic Conference,11,140,163,.462,-10.88,-7.53,0,1,0,Samford,Samford
27,1999,Patriot League,7,93,103,.474,-10.96,-7.41,0,1,0,Lafayette,Lafayette
28,1999,Big South Conference,6,75,93,.446,-14.26,-7.67,0,1,0,Winthrop,Winthrop
29,1999,Mid-Eastern Athletic Conference,11,125,182,.407,-14.37,-9.83,0,1,0,"Coppin State, South Carolina State",Florida A&M
30,1999,Southwest Athletic Conference,9,108,140,.435,-15.79,-10.18,0,1,0,Alcorn State,Alcorn State
0,2000,Southeastern Conference,12,239,150,.614,13.00,7.96,5,6,1,"Florida (East), Kentucky (East), Tennessee (East), Louisiana State (West)",Arkansas
1,2000,Big Ten Conference,11,208,144,.591,12.87,9.64,5,6,2,"Michigan State, Ohio State",Michigan State
2,2000,Atlantic Coast Conference,9,172,123,.583,12.49,8.58,2,3,1,Duke,Duke
3,2000,Pacific-10 Conference,10,179,131,.577,11.78,8.80,2,4,0,,"Arizona, Stanford"
4,2000,Big 12 Conference,12,224,154,.593,10.14,7.10,4,6,0,Iowa State,Iowa State
5,2000,Conference USA,12,212,161,.568,9.43,6.46,1,4,0,"Cincinnati (American), South Florida (National), Tulane (National)",Saint Louis
6,2000,Big East Conference,13,246,171,.590,8.82,5.72,4,5,0,"Miami (FL), Syracuse",St. John's (NY)
7,2000,Western Athletic Conference,8,145,102,.587,5.66,2.84,1,2,0,Tulsa,Fresno State
8,2000,Mountain West Conference,8,136,109,.555,5.05,3.50,0,2,0,"Nevada-Las Vegas, Utah",Nevada-Las Vegas
9,2000,Atlantic 10 Conference,12,191,176,.520,4.92,4.32,1,3,0,"Temple (East), Dayton (West)",Temple
10,2000,Missouri Valley Conference,10,167,142,.540,3.63,2.60,0,2,0,Indiana State,Creighton
11,2000,West Coast Conference,8,129,112,.535,2.38,2.49,0,2,0,Pepperdine,Gonzaga
12,2000,Mid-American Conference,13,207,178,.538,2.14,2.04,0,1,0,"Bowling Green State (East), Ball State (West), Toledo (West)",Ball State
13,2000,Midwestern Collegiate Conference,8,124,115,.519,1.06,0.39,0,1,0,Butler,Butler
14,2000,Big Sky Conference,9,134,122,.523,-0.23,0.73,0,1,0,"Eastern Washington, Montana",Northern Arizona
15,2000,Big West Conference,12,171,177,.491,-1.20,0.51,0,1,0,"Utah State (East), Long Beach State (West)",Utah State
16,2000,Colonial Athletic Association,9,132,131,.502,-2.53,-2.15,0,1,0,"George Mason, James Madison",UNC Wilmington
17,2000,Ohio Valley Conference,10,145,143,.503,-3.58,-2.33,0,1,0,"Murray State, Southeast Missouri State",Southeast Missouri State
18,2000,Sun Belt Conference,9,124,141,.468,-3.75,-2.20,0,1,0,"Louisiana, South Alabama",Louisiana
19,2000,Metro Atlantic Athletic Conference,10,139,154,.474,-6.51,-5.18,0,1,0,Siena,Iona
20,2000,Mid-Continent Conference,9,114,150,.432,-6.61,-3.43,0,1,0,Oakland,Valparaiso
21,2000,Southern Conference,12,174,178,.494,-7.21,-4.67,0,1,0,"Appalachian State (North), College of Charleston (South)",Appalachian State
22,2000,Southland Conference,11,148,163,.476,-7.66,-5.11,0,1,0,Sam Houston State,Lamar
23,2000,Patriot League,7,100,102,.495,-8.66,-7.35,0,1,0,"Lafayette, Navy",Lafayette
24,2000,Trans America Athletic Conference,10,133,162,.451,-8.92,-6.51,0,1,0,"Georgia State, Troy",Samford
25,2000,Ivy League,8,99,122,.448,-9.63,-7.36,0,1,0,,Pennsylvania
26,2000,America East Conference,10,139,155,.473,-9.69,-7.67,0,1,0,Hofstra,Hofstra
27,2000,Northeast Conference,12,160,183,.466,-10.29,-8.01,0,1,0,Central Connecticut State,Central Connecticut State
28,2000,Big South Conference,8,106,123,.463,-11.06,-6.70,0,1,0,Radford,Winthrop
29,2000,Independent,5,46,95,.326,-12.37,-3.03,0,0,0,,0
30,2000,Mid-Eastern Athletic Conference,11,125,199,.386,-15.46,-10.06,0,1,0,South Carolina State,South Carolina State
31,2000,Southwest Athletic Conference,10,120,168,.417,-16.87,-11.31,0,1,0,Alcorn State,Jackson State
0,2001,Atlantic Coast Conference,9,176,111,.613,16.47,10.65,5,6,2,"Duke, North Carolina",Duke
1,2001,Southeastern Conference,12,237,146,.619,14.20,8.75,3,6,0,"Florida (East), Kentucky (East), Mississippi (West)",Kentucky
2,2001,Big Ten Conference,11,214,138,.608,14.00,10.13,5,7,1,"Illinois, Michigan State",Iowa
3,2001,Pacific-10 Conference,10,185,127,.593,12.89,9.73,3,5,1,,Stanford
4,2001,Big 12 Conference,12,220,152,.591,9.65,6.46,4,6,0,Iowa State,Oklahoma
5,2001,Big East Conference,14,257,171,.600,8.64,5.22,4,5,0,"Boston College (East), Notre Dame (West)",Boston College
6,2001,Western Athletic Conference,9,168,112,.600,7.83,4.38,0,2,0,Fresno State,Hawaii
7,2001,Conference USA,12,199,178,.528,7.47,6.33,0,2,0,"Cincinnati (American), Southern Mississippi (National)",Charlotte
8,2001,Atlantic 10 Conference,11,179,164,.522,6.19,5.65,1,3,0,Saint Joseph's,Temple
9,2001,Mountain West Conference,8,137,105,.566,5.75,3.86,0,1,0,"Brigham Young, Utah, Wyoming",Brigham Young
10,2001,Missouri Valley Conference,10,157,146,.518,2.43,1.82,0,2,0,Creighton,Indiana State
11,2001,Midwestern Collegiate Conference,8,130,112,.537,2.22,2.01,0,1,0,Butler,Butler
12,2001,Mid-American Conference,13,184,200,.479,-0.42,0.93,0,1,0,"Kent State (East), Central Michigan (West)",Kent State
13,2001,West Coast Conference,8,118,122,.492,-0.60,1.18,0,1,0,Gonzaga,Gonzaga
14,2001,Colonial Athletic Association,9,132,130,.504,-0.96,-1.14,0,1,0,Richmond,George Mason
15,2001,Big West Conference,9,139,128,.521,-2.93,-0.86,0,1,0,UC Irvine,Utah State
16,2001,Big Sky Conference,9,124,133,.482,-3.13,-1.58,0,1,0,Cal State Northridge,Cal State Northridge
17,2001,Sun Belt Conference,12,172,178,.491,-3.45,-1.82,0,1,0,"Western Kentucky (East), South Alabama (West)",Western Kentucky
18,2001,Metro Atlantic Athletic Conference,10,146,149,.495,-4.71,-3.86,0,1,0,"Iona, Niagara, Siena",Iona
19,2001,Ohio Valley Conference,9,137,125,.523,-4.97,-3.25,0,1,0,Tennessee Tech,Eastern Illinois
20,2001,Mid-Continent Conference,9,125,140,.472,-5.38,-2.64,0,1,0,"Southern Utah, Valparaiso",Southern Utah
21,2001,Southern Conference,12,170,182,.483,-6.95,-4.88,0,1,0,"East Tennessee State (North), College of Charleston (South)",UNC Greensboro
22,2001,America East Conference,10,138,150,.479,-7.14,-5.77,0,1,0,Hofstra,Hofstra
23,2001,Trans America Athletic Conference,10,142,155,.478,-7.98,-5.97,0,1,0,Georgia State,Georgia State
24,2001,Patriot League,7,102,101,.502,-8.55,-7.05,0,1,0,Holy Cross,Holy Cross
25,2001,Ivy League,8,94,123,.433,-8.81,-6.00,0,1,0,,Princeton
26,2001,Independent,5,56,84,.400,-11.49,-4.96,0,0,0,,0
27,2001,Northeast Conference,12,148,193,.434,-11.64,-8.86,0,1,0,St. Francis (NY),Monmouth
28,2001,Southland Conference,11,148,167,.470,-11.74,-8.54,0,1,0,McNeese State,Northwestern State
29,2001,Big South Conference,8,100,130,.435,-12.55,-7.97,0,1,0,Radford,Winthrop
30,2001,Mid-Eastern Athletic Conference,11,139,182,.433,-14.63,-9.83,0,1,0,"Hampton, South Carolina State",Hampton
31,2001,Southwest Athletic Conference,10,113,170,.399,-17.68,-11.54,0,1,0,Alabama State,Alabama State
0,2002,Southeastern Conference,12,239,148,.618,13.72,8.64,5,6,0,"Florida (East), Georgia (East), Kentucky (East), Alabama (West)",Mississippi State
1,2002,Atlantic Coast Conference,9,172,114,.601,12.99,8.71,2,4,1,Maryland,Duke
2,2002,Pacific-10 Conference,10,179,131,.577,11.15,8.67,4,6,0,Oregon,Arizona
3,2002,Big Ten Conference,11,197,153,.563,10.93,8.37,2,5,1,"Illinois, Indiana, Ohio State, Wisconsin",Ohio State
4,2002,Big 12 Conference,12,232,153,.603,10.39,6.88,3,6,2,Kansas,Oklahoma
5,2002,Big East Conference,14,266,178,.599,9.25,5.42,3,6,0,"Connecticut (East), Pittsburgh (West)",Connecticut
6,2002,Conference USA,14,247,190,.565,8.12,5.62,2,3,0,"Cincinnati (American), Memphis (National)",Cincinnati
7,2002,Mountain West Conference,8,140,104,.574,6.56,4.44,0,3,0,Wyoming,San Diego State
8,2002,Atlantic 10 Conference,12,189,179,.514,3.56,3.95,1,1,0,"Saint Joseph's (East), Temple (East), Xavier (West)",Xavier
9,2002,Western Athletic Conference,10,170,145,.540,3.15,2.47,1,2,0,"Hawaii, Tulsa",Hawaii
10,2002,West Coast Conference,8,117,120,.494,0.39,1.10,1,2,0,"Gonzaga, Pepperdine",Gonzaga
11,2002,Mid-American Conference,13,204,196,.510,0.29,0.91,0,1,0,"Kent State (East), Ball State (West)",Kent State
12,2002,Missouri Valley Conference,10,150,154,.493,0.26,0.82,0,2,0,"Creighton, Southern Illinois",Creighton
13,2002,Horizon League,9,140,130,.519,0.14,-0.17,0,1,0,Butler,Illinois-Chicago
14,2002,Sun Belt Conference,11,170,158,.518,-0.75,-0.74,1,1,0,"Western Kentucky (East), Louisiana (West), New Mexico State (West)",Western Kentucky
15,2002,Big West Conference,10,146,144,.503,-1.78,-0.63,0,1,0,"UC Irvine, Utah State",UC Santa Barbara
16,2002,Southern Conference,12,189,162,.538,-1.79,-1.01,0,1,0,"Davidson (North), East Tennessee State (North), UNC Greensboro (North), Chattanooga (South), College of Charleston (South), Georgia Southern (South)",Davidson
17,2002,Colonial Athletic Association,10,151,149,.503,-2.61,-1.98,0,1,0,UNC Wilmington,UNC Wilmington
18,2002,Mid-Continent Conference,8,117,119,.496,-2.79,-1.40,0,1,0,Valparaiso,Valparaiso
19,2002,Ivy League,8,118,109,.520,-4.39,-3.90,0,1,0,,"Pennsylvania, Princeton, Yale"
20,2002,Big Sky Conference,8,116,115,.502,-5.15,-2.55,0,1,0,Montana State,Montana
21,2002,Ohio Valley Conference,9,132,138,.489,-5.63,-2.39,0,1,0,Tennessee Tech,Murray State
22,2002,Metro Atlantic Athletic Conference,10,135,163,.453,-5.68,-4.86,0,1,0,"Marist, Rider",Siena
23,2002,Atlantic Sun Conference,11,155,162,.489,-6.81,-4.83,0,1,0,"Georgia State, Troy",Florida Atlantic
24,2002,Patriot League,8,108,127,.460,-8.15,-6.39,0,1,0,American,Holy Cross
25,2002,Southland Conference,11,148,168,.468,-9.23,-6.45,0,1,0,McNeese State,McNeese State
26,2002,Independent,3,39,47,.453,-11.23,-1.85,0,0,0,,0
27,2002,America East Conference,9,110,153,.418,-12.26,-8.70,0,1,0,"Boston University, Vermont",Boston University
28,2002,Northeast Conference,12,154,193,.444,-12.35,-9.26,0,1,0,Central Connecticut State,Central Connecticut State
29,2002,Mid-Eastern Athletic Conference,11,137,189,.420,-12.55,-8.20,0,1,0,Hampton,Hampton
30,2002,Big South Conference,8,96,140,.407,-12.63,-6.83,0,1,0,"UNC Asheville, Winthrop",Winthrop
31,2002,Southwest Athletic Conference,10,119,171,.410,-18.07,-12.14,0,1,0,Alcorn State,Alcorn State
0,2003,Big 12 Conference,12,238,146,.620,12.95,8.21,4,6,2,Kansas,Oklahoma
1,2003,Southeastern Conference,12,220,145,.603,12.95,8.58,4,6,0,"Kentucky (East), Mississippi State (West)",Kentucky
2,2003,Atlantic Coast Conference,9,170,111,.605,12.75,7.83,3,4,0,Wake Forest,Duke
3,2003,Big East Conference,14,262,179,.594,11.03,7.13,4,4,1,"Boston College (East), Connecticut (East), Pittsburgh (West), Syracuse (West)",Pittsburgh
4,2003,Big Ten Conference,11,200,146,.578,10.68,7.66,2,5,0,Wisconsin,Illinois
5,2003,Pacific-10 Conference,10,170,132,.563,9.82,7.72,2,5,0,Arizona,Oregon
6,2003,Conference USA,14,231,187,.553,7.22,5.44,3,4,1,"Marquette (American), Memphis (National)",Louisville
7,2003,Mountain West Conference,8,147,101,.593,6.39,4.10,0,3,0,"Brigham Young, Utah",Colorado State
8,2003,Atlantic 10 Conference,12,184,174,.514,4.28,3.98,2,3,0,"Saint Joseph's (East), Xavier (West)",Dayton
9,2003,Missouri Valley Conference,10,148,152,.493,1.60,1.69,1,2,0,Southern Illinois,Creighton
10,2003,West Coast Conference,8,122,115,.515,1.28,1.45,0,2,0,Gonzaga,San Diego
11,2003,Western Athletic Conference,10,154,143,.519,0.94,1.23,0,1,0,Fresno State,Tulsa
12,2003,Sun Belt Conference,11,172,154,.528,0.88,0.50,0,1,0,"Western Kentucky (East), Louisiana (West)",Western Kentucky
13,2003,Horizon League,9,142,131,.520,0.66,0.54,0,2,0,Butler,Milwaukee
14,2003,Mid-American Conference,13,196,188,.510,0.47,0.92,0,1,0,"Kent State (East), Central Michigan (West)",Central Michigan
15,2003,Colonial Athletic Association,10,141,148,.488,-2.77,-2.57,0,1,0,UNC Wilmington,UNC Wilmington
16,2003,Big West Conference,10,138,151,.478,-2.94,-1.54,0,1,0,UC Santa Barbara,Utah State
17,2003,Metro Atlantic Athletic Conference,10,146,147,.498,-3.20,-2.54,0,1,0,Manhattan,Manhattan
18,2003,Big Sky Conference,8,115,118,.494,-3.31,-1.73,0,1,0,Weber State,Weber State
19,2003,Ivy League,8,100,119,.457,-5.08,-3.54,0,1,0,,Pennsylvania
20,2003,Southern Conference,12,180,174,.508,-5.59,-3.45,0,1,0,"Appalachian State (North), Davidson (North), East Tennessee State (North), College of Charleston (South)",East Tennessee State
21,2003,Ohio Valley Conference,9,132,131,.502,-5.77,-3.13,0,1,0,"Austin Peay, Morehead State",Austin Peay
22,2003,Mid-Continent Conference,8,105,131,.445,-6.03,-3.13,0,1,0,Valparaiso,IUPUI
23,2003,America East Conference,9,126,139,.475,-6.77,-4.99,0,1,0,Boston University,Vermont
24,2003,Patriot League,8,112,118,.487,-7.13,-5.70,0,1,0,Holy Cross,Holy Cross
25,2003,Atlantic Sun Conference,12,171,178,.490,-7.40,-5.47,0,1,0,"Belmont (North), Mercer (South), Troy (South)",Troy
26,2003,Southland Conference,11,147,163,.474,-9.08,-6.53,0,1,0,Sam Houston State,Sam Houston State
27,2003,Northeast Conference,12,156,186,.456,-10.80,-8.21,0,1,0,Wagner,Wagner
28,2003,Big South Conference,8,105,126,.455,-13.22,-8.84,0,1,0,Winthrop,UNC Asheville
29,2003,Southwest Athletic Conference,10,121,172,.413,-13.82,-9.34,0,1,0,"Prairie View, Texas Southern",Texas Southern
30,2003,Mid-Eastern Athletic Conference,11,130,188,.409,-14.59,-10.32,0,1,0,South Carolina State,South Carolina State
31,2003,Independent,6,58,114,.337,-16.02,-5.96,0,0,0,,0
0,2004,Atlantic Coast Conference,9,187,104,.643,16.56,10.72,6,6,2,Duke,Maryland
1,2004,Southeastern Conference,12,227,138,.622,11.76,7.28,3,6,0,"Kentucky (East), Mississippi State (West)",Kentucky
2,2004,Big 12 Conference,12,224,150,.599,10.70,6.83,3,4,1,Oklahoma State,Oklahoma State
3,2004,Big East Conference,14,274,171,.616,10.18,6.62,5,6,1,Pittsburgh,Connecticut
4,2004,Big Ten Conference,11,188,147,.561,8.22,6.43,2,3,0,Illinois,Wisconsin
5,2004,Mountain West Conference,8,137,101,.576,7.25,4.39,0,3,0,Air Force,Utah
6,2004,Pacific-10 Conference,10,159,133,.545,7.09,5.92,2,3,0,Stanford,Stanford
7,2004,Conference USA,14,235,180,.566,6.80,4.70,2,6,0,"Charlotte, Cincinnati, DePaul, Memphis, UAB",Cincinnati
8,2004,Western Athletic Conference,10,171,141,.548,5.60,4.24,0,2,0,"Nevada, UTEP",Nevada
9,2004,Atlantic 10 Conference,12,198,174,.532,4.54,3.95,1,4,0,"Saint Joseph's (East), Dayton (West)",Xavier
10,2004,Missouri Valley Conference,10,159,141,.530,3.40,2.49,0,2,0,Southern Illinois,Northern Iowa
11,2004,West Coast Conference,8,125,118,.514,1.80,2.14,1,1,0,Gonzaga,Gonzaga
12,2004,Mid-American Conference,13,195,191,.505,0.27,0.52,0,1,0,"Kent State (East), Western Michigan (West)",Western Michigan
13,2004,Colonial Athletic Association,10,148,146,.503,-0.47,-0.62,0,1,0,Virginia Commonwealth,Virginia Commonwealth
14,2004,Horizon League,9,131,134,.494,-0.49,0.14,0,1,0,Milwaukee,Illinois-Chicago
15,2004,Big West Conference,10,144,144,.500,-1.08,-0.31,1,1,0,"Pacific, Utah State",Pacific
16,2004,Sun Belt Conference,11,160,151,.514,-2.67,-1.75,0,1,0,"Little Rock (East), Louisiana (West)",Louisiana
17,2004,Mid-Continent Conference,9,125,141,.470,-3.39,-1.33,0,1,0,Valparaiso,Valparaiso
18,2004,Metro Atlantic Athletic Conference,10,142,156,.477,-4.03,-2.83,0,1,0,Manhattan,Manhattan
19,2004,Big Sky Conference,8,108,121,.472,-4.31,-2.16,0,1,0,Eastern Washington,Eastern Washington
20,2004,Southern Conference,12,181,171,.514,-5.27,-3.43,0,1,0,"East Tennessee State (North), College of Charleston (South), Davidson (South), Georgia Southern (South)",East Tennessee State
21,2004,Ohio Valley Conference,11,153,165,.481,-5.70,-3.28,0,1,0,Austin Peay,Murray State
22,2004,Ivy League,8,91,127,.417,-6.54,-4.20,0,1,0,,Princeton
23,2004,Atlantic Sun Conference,11,155,163,.487,-7.06,-4.87,0,1,0,Troy,Central Florida
24,2004,America East Conference,10,142,153,.481,-8.11,-6.67,0,1,0,Boston University,Vermont
25,2004,Southland Conference,11,154,165,.483,-9.38,-6.37,0,1,0,"Southeastern Louisiana, UT Arlington, UTSA",UTSA
26,2004,Northeast Conference,11,146,170,.462,-9.72,-7.50,0,1,0,"Monmouth, St. Francis (NY)",Monmouth
27,2004,Patriot League,8,109,122,.472,-9.79,-7.00,0,1,0,"American, Lehigh",Lehigh
28,2004,Big South Conference,9,120,140,.462,-9.92,-6.72,0,1,0,"Birmingham-Southern, Liberty",Liberty
29,2004,Independent,4,36,74,.327,-11.89,-2.55,0,0,0,,0
30,2004,Mid-Eastern Athletic Conference,11,125,196,.389,-13.74,-9.43,0,1,0,"Coppin State, South Carolina State",Florida A&M
31,2004,Southwest Athletic Conference,10,119,169,.413,-15.90,-11.27,0,1,0,"Alabama State, Mississippi Valley State",Alabama State
0,2005,Atlantic Coast Conference,11,221,132,.626,14.50,9.07,4,5,1,North Carolina,Duke
1,2005,Big 12 Conference,12,226,144,.611,12.25,7.96,4,6,0,"Kansas, Oklahoma",Oklahoma State
2,2005,Big East Conference,12,224,143,.610,11.42,7.21,4,6,0,"Boston College, Connecticut",Syracuse
3,2005,Big Ten Conference,11,207,145,.588,11.36,8.27,3,5,2,Illinois,Illinois
4,2005,Southeastern Conference,12,227,153,.597,11.06,6.82,3,5,0,"Kentucky (East), Alabama (West), Louisiana State (West)",Florida
5,2005,Pacific-10 Conference,10,181,128,.586,8.80,6.71,2,4,0,Arizona,Washington
6,2005,Missouri Valley Conference,10,177,134,.569,6.19,4.30,0,3,0,Southern Illinois,Creighton
7,2005,Conference USA,14,254,190,.572,6.16,4.19,2,4,1,Louisville,Louisville
8,2005,Mountain West Conference,8,136,108,.557,6.01,4.29,1,2,0,Utah,New Mexico
9,2005,West Coast Conference,8,142,103,.580,3.62,2.42,1,2,0,Gonzaga,Gonzaga
10,2005,Mid-American Conference,13,210,180,.538,2.96,2.49,0,1,0,"Miami (OH) (East), Toledo (West), Western Michigan (West)",Ohio
11,2005,Western Athletic Conference,10,162,144,.529,2.50,1.72,0,2,0,Nevada,UTEP
12,2005,Atlantic 10 Conference,12,166,189,.468,0.16,1.51,0,1,0,"Saint Joseph's (East), George Washington (West)",George Washington
13,2005,Sun Belt Conference,11,171,156,.523,-0.97,-0.12,0,1,0,"Little Rock (East), Denver (West)",Louisiana
14,2005,Horizon League,9,127,134,.487,-1.01,0.43,0,1,0,Milwaukee,Milwaukee
15,2005,Big West Conference,10,149,150,.498,-1.77,-0.79,1,2,0,Pacific,Utah State
16,2005,Colonial Athletic Association,10,150,150,.500,-3.17,-2.48,0,1,0,Old Dominion,Old Dominion
17,2005,America East Conference,10,145,147,.497,-4.80,-3.92,0,1,0,Vermont,Vermont
18,2005,Mid-Continent Conference,9,121,143,.458,-4.88,-1.66,0,1,0,Oral Roberts,Oakland
19,2005,Metro Atlantic Athletic Conference,10,133,160,.454,-4.94,-3.64,0,1,0,"Niagara, Rider",Niagara
20,2005,Ivy League,8,105,115,.477,-5.38,-4.11,0,1,0,,Pennsylvania
21,2005,Southern Conference,12,183,174,.513,-5.97,-3.72,0,1,0,"Chattanooga (North), Davidson (South)",Chattanooga
22,2005,Ohio Valley Conference,11,150,169,.470,-6.52,-3.82,0,1,0,Tennessee Tech,Eastern Kentucky
23,2005,Patriot League,8,111,122,.476,-6.85,-4.73,0,1,0,Holy Cross,Bucknell
24,2005,Southland Conference,11,162,156,.509,-7.19,-4.72,0,1,0,"Northwestern State, Southeastern Louisiana",Southeastern Louisiana
25,2005,Big Sky Conference,8,105,123,.461,-8.00,-5.10,0,1,0,Portland State,Montana
26,2005,Big South Conference,9,124,140,.470,-10.31,-6.86,0,1,0,Winthrop,Winthrop
27,2005,Atlantic Sun Conference,11,152,166,.478,-10.38,-7.72,0,1,0,"Central Florida, Gardner-Webb",Central Florida
28,2005,Northeast Conference,11,138,177,.438,-10.58,-7.50,0,1,0,Monmouth,Fairleigh Dickinson
29,2005,Independent,4,39,74,.345,-13.01,-4.20,0,0,0,,0
30,2005,Mid-Eastern Athletic Conference,11,136,189,.418,-14.13,-9.64,0,1,0,Delaware State,Delaware State
31,2005,Southwest Athletic Conference,10,119,169,.413,-17.20,-11.81,0,1,0,Alabama A&M,Alabama A&M
0,2006,Atlantic Coast Conference,12,238,147,.618,11.53,6.40,3,4,0,Duke,Duke
1,2006,Big East Conference,16,309,194,.614,11.23,7.13,6,8,0,"Connecticut, Villanova",Syracuse
2,2006,Southeastern Conference,12,240,149,.617,11.01,6.96,3,6,2,"Tennessee (East), Louisiana State (West)",Florida
3,2006,Pacific-10 Conference,10,181,135,.573,10.43,7.55,2,4,1,UCLA,UCLA
4,2006,Big 12 Conference,12,215,146,.596,10.39,6.84,3,4,0,"Kansas, Texas",Kansas
5,2006,Big Ten Conference,11,213,133,.616,10.32,6.66,3,6,0,Ohio State,Iowa
6,2006,Missouri Valley Conference,10,179,133,.574,6.60,4.68,0,4,0,Wichita State,Southern Illinois
7,2006,Mountain West Conference,9,152,124,.551,5.02,3.53,0,2,0,San Diego State,San Diego State
8,2006,Atlantic 10 Conference,14,218,201,.520,2.66,1.93,1,2,0,George Washington,Xavier
9,2006,Western Athletic Conference,9,142,131,.520,2.11,2.23,1,2,0,Nevada,Nevada
10,2006,West Coast Conference,8,118,117,.502,1.87,2.63,1,1,0,Gonzaga,Gonzaga
11,2006,Colonial Athletic Association,12,196,172,.533,0.82,0.35,0,2,1,"George Mason, UNC Wilmington",UNC Wilmington
12,2006,Conference USA,12,191,169,.531,0.31,0.29,2,2,0,Memphis,Memphis
13,2006,Mid-American Conference,12,185,177,.511,-0.99,-0.42,0,1,0,"Kent State (East), Northern Illinois (West)",Kent State
14,2006,Horizon League,9,138,134,.507,-1.47,-0.33,0,1,0,Milwaukee,Milwaukee
15,2006,Metro Atlantic Athletic Conference,10,146,147,.498,-1.74,-1.08,0,1,0,Manhattan,Iona
16,2006,Big Sky Conference,8,125,110,.532,-2.08,-1.15,0,1,0,Northern Arizona,Montana
17,2006,Sun Belt Conference,11,164,159,.508,-2.39,-1.27,0,1,0,"Western Kentucky (East), South Alabama (West)",South Alabama
18,2006,Big West Conference,8,115,119,.491,-3.03,-1.54,0,1,0,Pacific,Pacific
19,2006,Southland Conference,11,159,162,.495,-5.97,-3.51,0,1,0,Northwestern State,Northwestern State
20,2006,Mid-Continent Conference,9,114,149,.433,-7.02,-3.69,0,1,0,"IUPUI, Oral Roberts",Oral Roberts
21,2006,Ivy League,8,100,121,.452,-7.23,-5.08,0,1,0,,Pennsylvania
22,2006,Patriot League,8,114,122,.483,-7.23,-4.63,0,1,0,Bucknell,Bucknell
23,2006,America East Conference,9,113,148,.433,-7.40,-4.90,0,1,0,Albany (NY),Albany (NY)
24,2006,Northeast Conference,11,147,173,.459,-7.50,-5.72,0,1,0,Fairleigh Dickinson,Monmouth
25,2006,Southern Conference,11,166,163,.505,-7.57,-4.96,0,1,0,"Elon (North), Georgia Southern (South)",Davidson
26,2006,Ohio Valley Conference,11,153,167,.478,-7.83,-5.40,0,1,0,Murray State,Murray State
27,2006,Big South Conference,9,130,131,.498,-8.92,-6.13,0,1,0,Winthrop,Winthrop
28,2006,Atlantic Sun Conference,9,122,141,.464,-10.96,-8.01,0,1,0,"Belmont, Lipscomb",Belmont
29,2006,Southwest Athletic Conference,10,117,175,.401,-14.16,-8.85,0,1,0,Southern,Southern
30,2006,Mid-Eastern Athletic Conference,11,129,207,.384,-14.58,-8.87,0,1,0,Delaware State,Hampton
31,2006,Independent,4,39,78,.333,-14.84,-2.48,0,0,0,,0
0,2007,Atlantic Coast Conference,12,256,150,.631,14.34,8.62,2,7,0,"North Carolina, Virginia",North Carolina
1,2007,Southeastern Conference,12,253,153,.623,12.94,7.92,2,5,1,"Florida (East), Mississippi State (West)",Florida
2,2007,Big Ten Conference,11,226,143,.612,11.95,7.59,2,6,1,Ohio State,Ohio State
3,2007,Pacific-10 Conference,10,202,131,.607,11.26,7.92,4,6,1,UCLA,Oregon
4,2007,Big East Conference,16,321,202,.614,11.14,6.84,5,6,1,Georgetown,Georgetown
5,2007,Big 12 Conference,12,239,153,.610,10.25,5.93,3,4,0,Kansas,Kansas
6,2007,Missouri Valley Conference,10,189,135,.583,8.58,5.99,1,2,0,Southern Illinois,Creighton
7,2007,Mountain West Conference,9,176,117,.601,6.30,3.76,2,2,0,Brigham Young,Nevada-Las Vegas
8,2007,Conference USA,12,208,172,.547,2.70,1.33,1,1,0,Memphis,Memphis
9,2007,Western Athletic Conference,9,153,135,.531,1.04,0.84,1,2,0,Nevada,New Mexico State
10,2007,Atlantic 10 Conference,14,227,209,.521,1.01,1.11,0,2,0,"Massachusetts, Xavier",George Washington
11,2007,Horizon League,9,149,140,.516,0.30,1.16,1,2,0,"Butler, Wright State",Wright State
12,2007,West Coast Conference,8,122,132,.480,-0.07,1.13,0,1,0,Gonzaga,Gonzaga
13,2007,Mid-American Conference,12,186,194,.489,-0.39,0.33,0,1,0,"Akron (East), Toledo (West)",Miami (OH)
14,2007,Colonial Athletic Association,12,188,192,.495,-1.30,-0.47,0,2,0,Virginia Commonwealth,Virginia Commonwealth
15,2007,Big West Conference,8,129,118,.522,-4.14,-2.74,0,1,0,Long Beach State,Long Beach State
16,2007,Mid-Continent Conference,8,118,133,.470,-4.36,-2.48,0,1,0,Oral Roberts,Oral Roberts
17,2007,Southern Conference,11,172,174,.497,-4.70,-2.20,0,1,0,"Appalachian State (North), Davidson (South)",Davidson
18,2007,Patriot League,8,123,123,.500,-5.68,-3.68,0,1,0,"Bucknell, Holy Cross",Holy Cross
19,2007,Ivy League,8,111,115,.491,-6.13,-4.40,0,1,0,,Pennsylvania
20,2007,Big South Conference,8,122,129,.486,-6.24,-3.76,1,1,0,Winthrop,Winthrop
21,2007,Metro Atlantic Athletic Conference,10,147,169,.465,-6.48,-4.58,0,1,0,Marist,Niagara
22,2007,Big Sky Conference,8,123,121,.504,-6.64,-3.22,0,1,0,"Northern Arizona, Weber State",Weber State
23,2007,America East Conference,9,129,147,.467,-7.29,-5.42,0,1,0,Vermont,Albany (NY)
24,2007,Sun Belt Conference,13,197,209,.485,-8.04,-5.18,0,1,0,"South Alabama (East), Arkansas State (West), Louisiana-Monroe (West)",North Texas
25,2007,Atlantic Sun Conference,8,127,122,.510,-8.15,-4.35,0,1,0,East Tennessee State,Belmont
26,2007,Southland Conference,11,162,175,.481,-8.40,-4.84,0,1,0,"Northwestern State (East), Texas A&M-Corpus Christi (West)",Texas A&M-Corpus Christi
27,2007,Ohio Valley Conference,11,155,189,.451,-8.98,-5.99,0,1,0,Austin Peay,Eastern Kentucky
28,2007,Northeast Conference,11,146,187,.438,-9.23,-6.75,0,1,0,Central Connecticut State,Central Connecticut State
29,2007,Independent,4,47,70,.402,-10.57,-1.86,0,0,0,,0
30,2007,Mid-Eastern Athletic Conference,11,143,204,.412,-14.23,-8.65,0,1,0,Delaware State,Florida A&M
31,2007,Southwest Athletic Conference,10,126,182,.409,-18.76,-11.43,0,1,0,"Jackson State, Mississippi Valley State",Jackson State
0,2008,Big 12 Conference,12,253,154,.622,12.36,7.41,2,6,1,"Kansas, Texas",Kansas
1,2008,Atlantic Coast Conference,12,248,153,.618,12.32,7.97,3,4,1,North Carolina,North Carolina
2,2008,Pacific-10 Conference,10,207,133,.609,11.70,7.75,3,6,1,UCLA,UCLA
3,2008,Big East Conference,16,315,217,.592,10.89,7.45,6,8,0,Georgetown,Pittsburgh
4,2008,Southeastern Conference,12,244,157,.608,9.92,6.08,2,6,0,"Tennessee (East), Mississippi State (West)",Georgia
5,2008,Big Ten Conference,11,214,156,.578,9.90,6.80,3,4,0,Wisconsin,Wisconsin
6,2008,Missouri Valley Conference,10,184,145,.559,5.36,3.82,1,1,0,Drake,Drake
7,2008,Atlantic 10 Conference,14,254,197,.563,4.97,3.32,1,3,0,Xavier,Temple
8,2008,Mountain West Conference,9,165,126,.567,3.96,1.95,0,2,0,Brigham Young,Nevada-Las Vegas
9,2008,Conference USA,12,221,175,.558,3.46,2.34,1,1,1,Memphis,Memphis
10,2008,Horizon League,10,169,150,.530,0.68,1.38,1,1,0,Butler,Butler
11,2008,Mid-American Conference,12,183,195,.484,-0.78,0.51,0,1,0,"Kent State (East), Western Michigan (West)",Kent State
12,2008,West Coast Conference,8,122,135,.475,-1.47,0.09,1,3,0,Gonzaga,San Diego
13,2008,Colonial Athletic Association,12,189,192,.496,-2.62,-2.05,0,1,0,Virginia Commonwealth,George Mason
14,2008,Sun Belt Conference,13,213,196,.521,-2.77,-1.74,0,2,0,"South Alabama (East), Western Kentucky (East), Little Rock (West), Louisiana (West)",Western Kentucky
15,2008,Southern Conference,11,173,177,.494,-3.34,-1.47,1,1,0,"Appalachian State (North), Chattanooga (North), Davidson (South)",Davidson
16,2008,Western Athletic Conference,9,142,148,.490,-3.45,-1.83,0,1,0,"Boise State, Nevada, New Mexico State, Utah State",Boise State
17,2008,Summit League,8,124,127,.494,-3.65,-1.04,0,1,0,Oral Roberts,Oral Roberts
18,2008,Metro Atlantic Athletic Conference,10,152,164,.481,-4.24,-3.16,0,1,0,"Rider, Siena",Siena
19,2008,Big West Conference,9,142,140,.504,-4.58,-2.82,0,1,0,"Cal State Fullerton, Cal State Northridge, UC Santa Barbara",Cal State Fullerton
20,2008,Patriot League,8,125,119,.512,-5.48,-4.97,0,1,0,American,American
21,2008,Southland Conference,11,179,158,.531,-6.28,-4.02,0,1,0,"Lamar (East), Stephen F. Austin (West)",UT Arlington
22,2008,Big Sky Conference,9,129,144,.473,-6.43,-3.33,0,1,0,Portland State,Portland State
23,2008,Atlantic Sun Conference,8,130,122,.516,-6.82,-4.43,0,1,0,Belmont,Belmont
24,2008,Big South Conference,8,125,122,.506,-7.64,-4.85,0,1,0,"UNC Asheville, Winthrop",Winthrop
25,2008,America East Conference,9,124,154,.446,-7.65,-5.54,0,1,0,Maryland-Baltimore County,Maryland-Baltimore County
26,2008,Ivy League,8,105,127,.453,-7.75,-4.86,0,1,0,,Cornell
27,2008,Northeast Conference,11,158,180,.467,-8.04,-6.18,0,1,0,Robert Morris,Mount St. Mary's
28,2008,Ohio Valley Conference,11,156,186,.456,-9.69,-6.77,0,1,0,Austin Peay,Austin Peay
29,2008,Independent,4,51,70,.421,-14.03,-3.29,0,0,0,,0
30,2008,Mid-Eastern Athletic Conference,11,150,203,.425,-14.32,-8.27,0,1,0,Morgan State,Coppin State
31,2008,Southwest Athletic Conference,10,118,189,.384,-17.80,-11.23,0,1,0,"Alabama State, Mississippi Valley State",Mississippi Valley State
0,2009,Atlantic Coast Conference,12,255,142,.642,12.49,7.82,5,7,1,North Carolina,Duke
1,2009,Pacific-10 Conference,10,205,137,.599,11.90,8.06,3,6,0,Washington,Southern California
2,2009,Big East Conference,16,335,214,.610,11.82,7.91,6,7,2,Louisville,Louisville
3,2009,Big 12 Conference,12,260,153,.630,11.41,6.66,3,6,0,Kansas,Missouri
4,2009,Big Ten Conference,11,232,143,.619,10.85,7.76,2,7,1,Michigan State,Purdue
5,2009,Southeastern Conference,12,242,158,.605,8.35,4.56,1,3,0,"South Carolina (East), Tennessee (East), Louisiana State (West)",Mississippi State
6,2009,Mountain West Conference,9,170,125,.576,6.45,4.03,1,2,0,"Brigham Young, New Mexico, Utah",Utah
7,2009,Conference USA,12,217,178,.549,3.76,2.87,1,1,0,Memphis,Memphis
8,2009,Atlantic 10 Conference,14,244,206,.542,2.75,1.83,1,3,0,Xavier,Temple
9,2009,Missouri Valley Conference,10,181,150,.547,2.49,1.95,0,1,0,"Creighton, Northern Iowa",Northern Iowa
10,2009,Horizon League,10,168,152,.525,0.30,0.81,1,2,0,Butler,Cleveland State
11,2009,Western Athletic Conference,9,158,135,.539,0.30,0.02,0,1,0,Utah State,Utah State
12,2009,West Coast Conference,8,130,129,.502,-0.31,1.37,1,1,0,Gonzaga,Gonzaga
13,2009,Colonial Athletic Association,12,201,190,.514,-2.26,-1.78,0,1,0,Virginia Commonwealth,Virginia Commonwealth
14,2009,Metro Atlantic Athletic Conference,10,161,160,.502,-2.57,-1.80,0,1,0,Siena,Siena
15,2009,Atlantic Sun Conference,7,122,100,.550,-2.76,-1.27,0,1,0,Jacksonville,East Tennessee State
16,2009,Big West Conference,9,133,146,.477,-2.90,-1.63,0,1,0,Cal State Northridge,Cal State Northridge
17,2009,Mid-American Conference,12,175,210,.455,-3.60,-2.07,0,1,0,"Bowling Green State (East), Buffalo (East), Ball State (West), Central Michigan (West), Western Michigan (West)",Akron
18,2009,Summit League,10,142,173,.451,-3.74,-1.79,0,1,0,North Dakota State,North Dakota State
19,2009,Sun Belt Conference,13,203,207,.495,-4.69,-3.15,0,1,0,"Western Kentucky (East), Little Rock (West)",Western Kentucky
20,2009,Southland Conference,11,179,159,.530,-4.82,-3.10,0,1,0,"Stephen F. Austin (East), Sam Houston State (West)",Stephen F. Austin
21,2009,Big Sky Conference,9,124,150,.453,-5.10,-2.31,0,1,0,Weber State,Portland State
22,2009,America East Conference,9,140,141,.498,-6.16,-4.72,0,1,0,"Binghamton, Vermont",Binghamton
23,2009,Ohio Valley Conference,10,148,163,.476,-6.37,-4.47,0,1,0,Tennessee-Martin,Morehead State
24,2009,Southern Conference,12,183,201,.477,-7.69,-4.83,0,1,0,"Chattanooga (North), Western Carolina (North), Davidson (South)",Chattanooga
25,2009,Ivy League,8,101,125,.447,-7.92,-5.46,0,1,0,,Cornell
26,2009,Patriot League,8,112,131,.461,-8.29,-6.41,0,1,0,American,American
27,2009,Big South Conference,9,136,145,.484,-9.25,-5.49,0,1,0,Radford,Radford
28,2009,Northeast Conference,11,151,189,.444,-9.47,-6.76,0,1,0,Robert Morris,Robert Morris
29,2009,Independent,4,61,58,.513,-11.25,-3.80,0,0,0,,0
30,2009,Mid-Eastern Athletic Conference,11,148,202,.423,-12.97,-7.42,0,1,0,Morgan State,Morgan State
31,2009,Southwest Athletic Conference,10,112,199,.360,-16.45,-9.49,0,1,0,Alabama State,Alabama State
0,2010,Big 12 Conference,12,260,146,.640,13.62,8.00,4,7,0,Kansas,Kansas
1,2010,Atlantic Coast Conference,12,260,146,.640,13.24,7.76,2,6,1,"Duke, Maryland",Duke
2,2010,Big East Conference,16,327,210,.609,12.01,7.85,5,8,1,Syracuse,West Virginia
3,2010,Big Ten Conference,11,218,155,.584,11.38,7.92,4,5,1,"Michigan State, Ohio State, Purdue",Ohio State
4,2010,Southeastern Conference,12,242,160,.602,10.71,6.47,3,4,0,"Kentucky (East), Mississippi State (West)",Kentucky
5,2010,Pacific-10 Conference,10,178,146,.549,8.81,6.69,0,2,0,California,Washington
6,2010,Mountain West Conference,9,173,123,.584,5.68,3.84,2,4,0,New Mexico,San Diego State
7,2010,Atlantic 10 Conference,14,258,202,.561,4.17,3.21,3,3,0,"Temple, Xavier",Temple
8,2010,Missouri Valley Conference,10,190,139,.578,4.12,2.46,0,1,0,Northern Iowa,Northern Iowa
9,2010,Conference USA,12,216,178,.548,4.05,2.64,0,2,0,UTEP,Houston
10,2010,Western Athletic Conference,9,163,132,.553,1.88,0.96,0,2,0,Utah State,New Mexico State
11,2010,West Coast Conference,8,135,124,.521,1.25,2.10,1,2,0,Gonzaga,Saint Mary's (CA)
12,2010,Horizon League,10,176,152,.537,0.29,0.93,1,1,1,Butler,Butler
13,2010,Colonial Athletic Association,12,199,195,.505,0.23,0.42,0,1,0,Old Dominion,Old Dominion
14,2010,Mid-American Conference,12,195,190,.506,-2.25,-1.27,0,1,0,"Akron (East), Kent State (East), Eastern Michigan (West)",Ohio
15,2010,Metro Atlantic Athletic Conference,10,162,156,.509,-2.72,-2.91,0,1,0,Siena,Siena
16,2010,Big West Conference,9,139,146,.488,-3.89,-1.67,0,1,0,"Pacific, UC Santa Barbara",UC Santa Barbara
17,2010,Big Sky Conference,9,134,140,.489,-4.35,-2.01,0,1,0,Weber State,Montana
18,2010,Southern Conference,12,191,201,.487,-4.63,-2.50,0,1,0,"Appalachian State (North), Wofford (South)",Wofford
19,2010,Atlantic Sun Conference,9,144,141,.505,-5.41,-2.71,0,1,0,"Belmont, Campbell, Jacksonville, Lipscomb",East Tennessee State
20,2010,Ohio Valley Conference,10,157,163,.491,-5.80,-3.33,0,1,0,Murray State,Murray State
21,2010,Sun Belt Conference,13,199,212,.484,-5.85,-3.73,0,1,0,"Middle Tennessee (East), Troy (East), North Texas (West)",North Texas
22,2010,Southland Conference,11,179,161,.526,-6.54,-4.35,0,1,0,"Stephen F. Austin (East), Sam Houston State (West)",Sam Houston State
23,2010,Ivy League,8,117,123,.488,-6.73,-4.33,0,1,0,,Cornell
24,2010,America East Conference,9,132,153,.463,-8.18,-5.80,0,1,0,Stony Brook,Vermont
25,2010,Summit League,10,152,160,.487,-8.42,-4.68,0,1,0,Oakland,Oakland
26,2010,Patriot League,8,112,134,.455,-8.90,-7.31,0,1,0,Lehigh,Lehigh
27,2010,Northeast Conference,11,152,190,.444,-11.25,-7.91,0,1,0,"Quinnipiac, Robert Morris",Robert Morris
28,2010,Mid-Eastern Athletic Conference,11,150,201,.427,-12.07,-7.19,0,1,0,Morgan State,Morgan State
29,2010,Big South Conference,9,142,137,.509,-12.40,-7.59,0,1,0,Coastal Carolina,Winthrop
30,2010,Independent,2,23,34,.404,-13.80,-4.75,0,0,0,,0
31,2010,Southwest Athletic Conference,10,120,188,.390,-18.01,-11.01,0,1,0,Jackson State,Arkansas-Pine Bluff
32,2010,Great West Conference,4,37,89,.294,-18.72,-7.39,0,0,0,South Dakota,South Dakota
0,2011,Big Ten Conference,11,224,146,.605,14.63,9.56,3,7,0,Ohio State,Ohio State
1,2011,Big East Conference,16,331,210,.612,13.27,8.59,7,11,1,Pittsburgh,Connecticut
2,2011,Big 12 Conference,12,257,149,.633,12.00,6.30,4,5,0,Kansas,Kansas
3,2011,Atlantic Coast Conference,12,241,163,.597,11.23,6.82,2,4,0,North Carolina,Duke
4,2011,Pacific-10 Conference,10,195,146,.572,10.07,7.19,2,4,0,Arizona,Washington
5,2011,Southeastern Conference,12,237,165,.590,8.57,5.23,3,5,1,"Florida (East), Alabama (West)",Kentucky
6,2011,Mountain West Conference,9,181,120,.601,8.16,5.07,2,3,0,"Brigham Young, San Diego State",San Diego State
7,2011,Conference USA,12,233,160,.593,4.39,1.88,0,2,0,UAB,Memphis
8,2011,Atlantic 10 Conference,14,243,209,.538,3.15,2.37,1,3,0,Xavier,Richmond
9,2011,West Coast Conference,8,142,126,.530,2.64,2.17,0,1,0,"Gonzaga, Saint Mary's (CA)",Gonzaga
10,2011,Missouri Valley Conference,10,184,153,.546,2.32,1.45,0,1,0,Missouri State,Indiana State
11,2011,Horizon League,10,179,153,.539,1.87,1.73,0,1,1,"Butler, Cleveland State, Milwaukee",Butler
12,2011,Western Athletic Conference,9,161,133,.548,1.56,0.34,1,1,0,Utah State,Utah State
13,2011,Colonial Athletic Association,12,209,182,.535,0.81,0.47,0,3,1,George Mason,Old Dominion
14,2011,Big West Conference,9,131,152,.463,-2.98,-1.28,0,1,0,Long Beach State,UC Santa Barbara
15,2011,Mid-American Conference,12,189,209,.475,-3.29,-1.48,0,1,0,"Kent State (East), Western Michigan (West)",Akron
16,2011,Ivy League,8,117,113,.509,-3.53,-2.64,0,1,0,,"Harvard, Princeton"
17,2011,Metro Atlantic Athletic Conference,10,157,168,.483,-3.60,-2.53,0,1,0,Fairfield,Saint Peter's
18,2011,Atlantic Sun Conference,11,164,189,.465,-4.70,-2.65,0,1,0,Belmont,Belmont
19,2011,Summit League,10,149,164,.476,-4.81,-2.98,0,1,0,Oakland,Oakland
20,2011,Big Sky Conference,9,132,144,.478,-5.05,-2.89,0,1,0,Northern Colorado,Northern Colorado
21,2011,Southern Conference,12,185,205,.474,-5.14,-2.54,0,1,0,"Chattanooga (North), Western Carolina (North), College of Charleston (South), Wofford (South)",Wofford
22,2011,Sun Belt Conference,12,176,198,.471,-5.88,-3.65,0,1,0,"Florida Atlantic (East), Arkansas State (West), Louisiana (West)",Little Rock
23,2011,Ohio Valley Conference,10,153,166,.480,-6.46,-4.94,0,1,0,Murray State,Morehead State
24,2011,Big South Conference,10,155,161,.491,-6.49,-3.87,0,1,0,Coastal Carolina,UNC Asheville
25,2011,Northeast Conference,12,168,200,.457,-6.72,-4.68,0,1,0,Long Island University,Long Island University
26,2011,Patriot League,8,113,135,.456,-6.95,-5.14,0,1,0,Bucknell,Bucknell
27,2011,Southland Conference,12,181,186,.493,-7.76,-5.22,0,1,0,"McNeese State (East), Sam Houston State (West), Texas State (West)",UTSA
28,2011,America East Conference,9,126,157,.445,-8.17,-5.41,0,1,0,Vermont,Boston University
29,2011,Mid-Eastern Athletic Conference,11,151,196,.435,-12.83,-7.66,0,1,0,Bethune-Cookman,Hampton
30,2011,Independent,6,67,112,.374,-13.53,-3.71,0,0,0,,0
31,2011,Great West Conference,7,88,133,.398,-15.02,-8.40,0,0,0,Utah Valley,North Dakota
32,2011,Southwest Athletic Conference,10,116,197,.371,-16.98,-9.41,0,1,0,Texas Southern,Alabama State
0,2012,Big Ten Conference,12,260,157,.624,12.77,8.18,5,6,1,"Michigan, Michigan State, Ohio State",Michigan State
1,2012,Big 12 Conference,10,209,131,.615,11.71,7.49,3,6,1,Kansas,Missouri
2,2012,Big East Conference,16,334,217,.606,10.66,6.81,4,9,1,Syracuse,Louisville
3,2012,Southeastern Conference,12,246,160,.606,10.09,6.24,3,4,1,Kentucky,Vanderbilt
4,2012,Atlantic Coast Conference,12,232,166,.583,8.74,5.76,3,5,0,North Carolina,Florida State
5,2012,Mountain West Conference,8,165,96,.632,7.04,3.36,3,4,0,"New Mexico, San Diego State",New Mexico
6,2012,Pac-12 Conference,12,226,185,.550,6.74,4.83,0,2,0,Washington,Colorado
7,2012,Atlantic 10 Conference,14,251,205,.550,5.28,3.59,0,4,0,Temple,St. Bonaventure
8,2012,Missouri Valley Conference,10,180,151,.544,4.85,3.48,2,2,0,Wichita State,Creighton
9,2012,Conference USA,12,218,172,.559,4.15,2.48,0,2,0,Memphis,Memphis
10,2012,West Coast Conference,9,158,132,.545,1.63,1.33,1,3,0,Saint Mary's (CA),Saint Mary's (CA)
11,2012,Western Athletic Conference,8,150,121,.554,0.42,-0.40,0,1,0,Nevada,New Mexico State
12,2012,Colonial Athletic Association,12,197,200,.496,-1.41,-0.86,0,1,0,Drexel,Virginia Commonwealth
13,2012,Horizon League,10,167,160,.511,-1.41,-0.21,0,1,0,Valparaiso,Detroit Mercy
14,2012,Mid-American Conference,12,195,197,.497,-1.56,-0.91,0,1,0,"Akron (East), Eastern Michigan (West)",Ohio
15,2012,Sun Belt Conference,12,177,197,.473,-2.26,-0.88,0,1,0,"Middle Tennessee (East), Little Rock (West)",Western Kentucky
16,2012,Ivy League,8,125,119,.512,-2.42,-2.08,0,1,0,,Harvard
17,2012,Atlantic Sun Conference,10,156,167,.483,-2.54,-1.03,0,1,0,Belmont,Belmont
18,2012,Summit League,10,168,153,.523,-2.72,-1.94,0,1,0,Oral Roberts,South Dakota State
19,2012,Metro Atlantic Athletic Conference,10,157,169,.482,-4.10,-2.85,0,2,0,Iona,Loyola (MD)
20,2012,Big West Conference,9,133,148,.473,-4.29,-2.33,0,1,0,Long Beach State,Long Beach State
21,2012,Southern Conference,12,179,200,.472,-5.83,-3.13,0,1,0,"UNC Greensboro (North), Davidson (South)",Davidson
22,2012,Patriot League,8,123,128,.490,-6.16,-4.75,0,1,0,Bucknell,Lehigh
23,2012,Big Sky Conference,9,127,145,.467,-6.20,-3.69,0,1,0,Montana,Montana
24,2012,Big South Conference,11,167,182,.479,-6.22,-4.25,0,1,0,UNC Asheville,UNC Asheville
25,2012,Ohio Valley Conference,11,172,175,.496,-6.30,-4.05,1,1,0,Murray State,Murray State
26,2012,Southland Conference,12,180,197,.477,-7.31,-4.47,0,1,0,"Lamar (East), UT Arlington (West)",Lamar
27,2012,Northeast Conference,12,167,207,.447,-7.42,-4.99,0,1,0,Long Island University,Long Island University
28,2012,America East Conference,9,121,163,.426,-8.80,-6.12,0,1,0,Stony Brook,Vermont
29,2012,Independent,3,38,51,.427,-10.60,-4.13,0,0,0,,0
30,2012,Mid-Eastern Athletic Conference,13,176,238,.425,-10.63,-6.05,0,1,0,Savannah State,Norfolk State
31,2012,Great West Conference,6,77,112,.407,-12.73,-5.90,0,0,0,Utah Valley,North Dakota
32,2012,Southwest Athletic Conference,10,118,195,.377,-16.71,-9.40,0,1,0,Mississippi Valley State,Mississippi Valley State
0,2013,Big Ten Conference,12,262,159,.622,14.14,9.21,5,7,1,Indiana,Ohio State
1,2013,Big East Conference,15,316,191,.623,11.83,7.30,6,8,2,"Georgetown, Louisville, Marquette",Louisville
2,2013,Atlantic Coast Conference,12,245,163,.600,10.10,6.47,2,4,0,Miami (FL),Miami (FL)
3,2013,Pac-12 Conference,12,237,168,.585,9.84,6.67,3,5,0,UCLA,Oregon
4,2013,Big 12 Conference,10,199,139,.589,9.49,6.29,3,5,0,"Kansas, Kansas State",Kansas
5,2013,Mountain West Conference,9,185,113,.621,8.32,5.53,1,5,0,New Mexico,New Mexico
6,2013,Southeastern Conference,14,263,203,.564,8.24,5.12,1,3,0,Florida,Mississippi
7,2013,Atlantic 10 Conference,16,293,225,.566,6.10,4.25,1,5,0,Saint Louis,Saint Louis
8,2013,Missouri Valley Conference,10,194,150,.564,6.07,4.27,1,2,1,Creighton,Creighton
9,2013,West Coast Conference,9,175,130,.574,4.57,2.80,1,2,0,Gonzaga,Gonzaga
10,2013,Conference USA,12,225,175,.563,1.44,0.41,1,1,0,Memphis,Memphis
11,2013,Western Athletic Conference,10,164,156,.513,-0.50,-0.65,0,1,0,"Denver, Louisiana Tech",New Mexico State
12,2013,Horizon League,9,160,140,.533,-0.53,-0.57,0,1,0,Valparaiso,Valparaiso
13,2013,Metro Atlantic Athletic Conference,10,161,169,.488,-2.09,-1.46,0,1,0,Niagara,Iona
14,2013,Mid-American Conference,12,191,196,.494,-2.29,-1.36,0,1,0,"Akron (East), Ohio (East), Western Michigan (West)",Akron
15,2013,Big West Conference,10,156,169,.480,-3.17,-1.24,0,1,0,Long Beach State,Pacific
16,2013,Sun Belt Conference,11,174,178,.494,-3.43,-2.45,0,2,0,"Middle Tennessee (East), Arkansas State (West)",Western Kentucky
17,2013,Patriot League,8,125,128,.494,-3.53,-3.03,0,1,0,Bucknell,Bucknell
18,2013,Colonial Athletic Association,11,163,192,.459,-3.55,-1.82,0,1,0,Northeastern,James Madison
19,2013,Ivy League,8,107,128,.455,-3.72,-1.97,0,1,0,,Harvard
20,2013,Ohio Valley Conference,12,188,187,.501,-5.22,-3.53,0,1,0,"Belmont (East), Murray State (West)",Belmont
21,2013,America East Conference,9,135,147,.479,-5.62,-4.15,0,1,0,Stony Brook,Albany (NY)
22,2013,Summit League,9,138,153,.474,-6.43,-3.55,0,1,0,"South Dakota State, Western Illinois",South Dakota State
23,2013,Atlantic Sun Conference,10,144,176,.450,-6.84,-3.67,0,1,0,Mercer,Florida Gulf Coast
24,2013,Northeast Conference,12,171,203,.457,-7.32,-4.59,0,1,0,Robert Morris,Long Island University
25,2013,Southern Conference,12,175,212,.452,-7.57,-4.78,0,1,0,"Elon (North), Davidson (South)",Davidson
26,2013,Southland Conference,10,145,170,.460,-7.81,-4.52,0,1,0,Stephen F. Austin,Northwestern State
27,2013,Big Sky Conference,11,157,187,.456,-8.32,-5.40,0,1,0,Montana,Montana
28,2013,Big South Conference,12,172,214,.446,-8.81,-5.62,0,1,0,"High Point (North), Charleston Southern (South)",Liberty
29,2013,Mid-Eastern Athletic Conference,13,173,244,.415,-10.51,-6.01,0,1,0,Norfolk State,North Carolina A&T
30,2013,Great West Conference,5,71,86,.452,-12.03,-7.45,0,0,0,NJIT,Chicago State
31,2013,Independent,2,22,34,.393,-13.88,-4.18,0,0,0,,0
32,2013,Southwest Athletic Conference,10,118,192,.381,-15.30,-8.90,0,1,0,Texas Southern,Southern
0,2014,Big 12 Conference,10,207,133,.609,13.24,9.09,4,7,0,Kansas,Iowa State
1,2014,Big Ten Conference,12,258,159,.619,13.18,8.31,4,6,1,Michigan,Michigan State
2,2014,Pac-12 Conference,12,248,160,.608,11.22,7.59,2,6,0,Arizona,UCLA
3,2014,Big East Conference,10,198,136,.593,10.90,7.21,2,4,0,Villanova,Providence
4,2014,Atlantic Coast Conference,15,300,210,.588,10.80,7.21,4,6,0,Virginia,Virginia
5,2014,Southeastern Conference,14,281,199,.585,9.66,6.47,1,3,2,Florida,Florida
6,2014,American Athletic Conference,10,204,138,.596,9.08,5.79,3,4,1,"Cincinnati, Louisville",Louisville
7,2014,Atlantic 10 Conference,13,251,176,.588,6.55,4.12,2,6,0,Saint Louis,Saint Joseph's
8,2014,West Coast Conference,10,189,146,.564,5.23,3.63,0,2,0,Gonzaga,Gonzaga
9,2014,Mountain West Conference,11,206,160,.563,4.64,3.26,2,2,0,San Diego State,New Mexico
10,2014,Missouri Valley Conference,10,177,152,.538,1.53,0.98,1,1,0,Wichita State,Wichita State
11,2014,Horizon League,9,152,145,.512,-0.50,-0.22,0,1,0,Green Bay,Milwaukee
12,2014,Conference USA,16,280,248,.530,-1.15,-0.84,0,1,0,"Louisiana Tech, Middle Tennessee, Tulsa",Tulsa
13,2014,Mid-American Conference,12,208,184,.531,-1.49,-0.95,0,1,0,"Buffalo (East), Toledo (West), Western Michigan (West)",Western Michigan
14,2014,Ivy League,8,125,117,.517,-1.77,-1.67,0,1,0,,Harvard
15,2014,Big West Conference,9,140,150,.483,-1.90,-0.73,0,1,0,UC Irvine,Cal Poly
16,2014,Metro Atlantic Athletic Conference,11,173,187,.481,-2.31,-1.53,0,1,0,Iona,Manhattan
17,2014,Sun Belt Conference,10,157,160,.495,-2.75,-1.41,0,1,0,Georgia State,Louisiana
18,2014,Colonial Athletic Association,9,141,152,.481,-2.78,-1.53,0,1,0,Delaware,Delaware
19,2014,Summit League,8,131,125,.512,-2.92,-1.74,0,1,0,North Dakota State,North Dakota State
20,2014,Patriot League,10,153,164,.483,-4.58,-3.67,0,1,0,Boston University,American
21,2014,Western Athletic Conference,9,135,153,.469,-5.77,-3.41,0,1,0,Utah Valley,New Mexico State
22,2014,Ohio Valley Conference,12,185,201,.479,-6.54,-4.28,0,1,0,"Belmont (East), Murray State (West)",Eastern Kentucky
23,2014,Big Sky Conference,11,159,182,.466,-7.38,-4.79,0,1,0,Weber State,Weber State
24,2014,Atlantic Sun Conference,10,152,172,.469,-7.47,-4.72,0,1,0,"Florida Gulf Coast, Mercer",Mercer
25,2014,Northeast Conference,10,138,178,.437,-8.67,-5.31,0,1,0,Robert Morris,Mount St. Mary's
26,2014,America East Conference,9,119,162,.423,-9.19,-5.59,0,1,0,Vermont,Albany (NY)
27,2014,Big South Conference,12,186,206,.474,-9.84,-6.56,0,1,0,"High Point (North), Coastal Carolina (South)",Coastal Carolina
28,2014,Southland Conference,14,206,226,.477,-10.37,-6.20,0,1,0,Stephen F. Austin,Stephen F. Austin
29,2014,Southern Conference,11,162,195,.454,-10.38,-6.54,0,1,0,Davidson,Wofford
30,2014,Mid-Eastern Athletic Conference,13,167,246,.404,-11.13,-6.53,0,1,0,North Carolina Central,North Carolina Central
31,2014,Independent,1,13,16,.448,-12.52,-7.48,0,0,0,,0
32,2014,Southwest Athletic Conference,10,132,184,.418,-14.47,-9.03,0,1,0,Southern,Texas Southern
0,2015,Big 12 Conference,10,209,128,.620,14.05,9.03,5,7,0,Kansas,Iowa State
1,2015,Atlantic Coast Conference,15,316,200,.612,12.33,8.06,5,6,1,Virginia,Notre Dame
2,2015,Big Ten Conference,14,287,191,.600,12.22,8.02,3,7,2,Wisconsin,Wisconsin
3,2015,Big East Conference,10,199,136,.594,12.20,8.51,3,6,0,Villanova,Villanova
4,2015,Southeastern Conference,14,276,198,.582,10.65,7.51,2,5,1,Kentucky,Kentucky
5,2015,Pac-12 Conference,12,242,166,.593,9.74,6.59,2,4,0,Arizona,Arizona
6,2015,West Coast Conference,10,179,147,.549,5.07,3.84,1,2,0,Gonzaga,Gonzaga
7,2015,Atlantic 10 Conference,14,250,209,.545,4.43,3.32,1,3,0,Davidson,Virginia Commonwealth
8,2015,American Athletic Conference,11,200,164,.549,3.35,2.29,1,2,0,Southern Methodist,Southern Methodist
9,2015,Missouri Valley Conference,10,187,150,.555,2.25,1.50,2,2,0,Wichita State,Northern Iowa
10,2015,Mountain West Conference,11,195,163,.545,1.69,1.32,0,3,0,"Boise State, San Diego State",Wyoming
11,2015,Mid-American Conference,12,216,176,.551,1.20,-0.07,0,1,0,"Buffalo (East), Kent State (East), Central Michigan (West)",Buffalo
12,2015,Big West Conference,9,148,143,.509,-0.76,0.09,0,1,0,UC Davis,UC Irvine
13,2015,Conference USA,14,234,222,.513,-1.42,-0.75,0,1,0,Louisiana Tech,UAB
14,2015,Horizon League,9,148,146,.503,-1.69,-0.54,0,1,0,Valparaiso,Valparaiso
15,2015,Ivy League,8,122,116,.513,-1.99,-1.76,0,1,0,,"Harvard, Yale"
16,2015,Colonial Athletic Association,10,157,168,.483,-3.02,-2.07,0,1,0,"James Madison, Northeastern, UNC Wilmington, William & Mary",Northeastern
17,2015,Independent,1,21,12,.636,-3.21,-4.07,0,0,0,,0
18,2015,Metro Atlantic Athletic Conference,11,166,189,.468,-3.75,-2.93,0,1,0,Iona,Manhattan
19,2015,Sun Belt Conference,11,181,172,.513,-4.40,-3.48,0,1,0,Georgia State,Georgia State
20,2015,Summit League,9,141,143,.496,-4.83,-3.21,0,1,0,"North Dakota State, South Dakota State",North Dakota State
21,2015,Ohio Valley Conference,12,190,192,.497,-4.99,-3.44,0,1,0,Murray State (West),Belmont
22,2015,Patriot League,10,154,161,.489,-5.35,-3.55,0,1,0,Bucknell,Lafayette
23,2015,Southern Conference,10,157,165,.488,-6.24,-4.07,0,1,0,Wofford,Wofford
24,2015,Big Sky Conference,12,178,199,.472,-7.10,-4.56,0,1,0,"Eastern Washington, Montana",Eastern Washington
25,2015,Big South Conference,11,181,179,.503,-7.69,-5.41,0,1,0,"Charleston Southern, High Point",Coastal Carolina
26,2015,America East Conference,9,125,160,.439,-7.79,-4.73,0,1,0,Albany (NY),Albany (NY)
27,2015,Northeast Conference,10,140,175,.444,-7.99,-5.04,0,1,0,St. Francis (NY),Robert Morris
28,2015,Western Athletic Conference,8,115,144,.444,-8.14,-4.59,0,1,0,New Mexico State,New Mexico State
29,2015,Southland Conference,13,196,207,.486,-9.02,-5.70,0,1,0,Stephen F. Austin,Stephen F. Austin
30,2015,Atlantic Sun Conference,8,125,135,.481,-9.10,-5.79,0,1,0,North Florida,North Florida
31,2015,Mid-Eastern Athletic Conference,13,171,251,.405,-12.87,-7.36,0,1,0,North Carolina Central,Hampton
32,2015,Southwest Athletic Conference,10,120,198,.377,-15.63,-8.87,0,1,0,Texas Southern,Texas Southern
0,2016,Big 12 Conference,10,213,129,.623,15.01,10.12,5,7,1,Kansas,Kansas
1,2016,Atlantic Coast Conference,15,317,200,.613,13.96,9.24,5,7,2,North Carolina,North Carolina
2,2016,Pac-12 Conference,12,241,160,.601,11.85,8.52,4,7,0,Oregon,Oregon
3,2016,Big East Conference,10,206,134,.606,11.63,7.92,3,5,1,Villanova,Seton Hall
4,2016,Big Ten Conference,14,279,196,.587,10.93,7.12,5,7,0,Indiana,Michigan State
5,2016,Southeastern Conference,14,263,204,.563,10.33,7.50,2,3,0,"Kentucky, Texas A&M",Kentucky
6,2016,American Athletic Conference,11,198,161,.552,7.57,4.49,1,4,0,Temple,Connecticut
7,2016,Atlantic 10 Conference,14,260,203,.562,4.96,3.51,0,3,0,"Dayton, St. Bonaventure, Virginia Commonwealth",Saint Joseph's
8,2016,Mountain West Conference,11,203,165,.552,2.88,2.28,0,1,0,San Diego State,Fresno State
9,2016,West Coast Conference,10,170,152,.528,2.04,1.59,0,1,0,"Gonzaga, Saint Mary's (CA)",Gonzaga
10,2016,Missouri Valley Conference,10,169,159,.515,2.02,2.01,0,2,0,Wichita State,Northern Iowa
11,2016,Colonial Athletic Association,10,174,146,.544,1.22,0.61,0,1,0,"Hofstra, UNC Wilmington",UNC Wilmington
12,2016,Mid-American Conference,12,224,179,.556,-0.40,-0.97,0,1,0,"Akron (East), Ball State (West), Central Michigan (West)",Buffalo
13,2016,Big West Conference,9,150,143,.512,-0.72,0.08,0,1,0,"Hawaii, UC Irvine",Hawaii
14,2016,Ivy League,8,123,113,.521,-1.33,-1.85,0,1,0,,Yale
15,2016,Summit League,9,155,131,.542,-2.15,-1.41,0,1,0,"Purdue-Fort Wayne, South Dakota State",South Dakota State
16,2016,Horizon League,10,168,163,.508,-2.26,-0.91,0,1,0,Valparaiso,Green Bay
17,2016,Sun Belt Conference,11,181,175,.508,-2.91,-2.34,0,1,0,Little Rock,Little Rock
18,2016,Conference USA,14,225,237,.487,-4.13,-2.70,0,1,0,UAB,Middle Tennessee
19,2016,Metro Atlantic Athletic Conference,11,167,188,.470,-4.51,-3.46,0,1,0,Monmouth,Iona
20,2016,Southern Conference,10,170,165,.507,-5.38,-3.40,0,1,0,Chattanooga,Chattanooga
21,2016,Ohio Valley Conference,12,184,198,.482,-5.41,-3.40,0,1,0,Belmont (East),Austin Peay
22,2016,Big South Conference,11,175,176,.499,-6.54,-4.36,0,1,0,"High Point, Winthrop",UNC Asheville
23,2016,Western Athletic Conference,8,125,131,.488,-6.66,-3.85,0,1,0,New Mexico State,Cal State Bakersfield
24,2016,Atlantic Sun Conference,8,124,142,.466,-7.21,-4.07,0,1,0,North Florida,Florida Gulf Coast
25,2016,Big Sky Conference,12,181,203,.471,-7.94,-5.05,0,1,0,Weber State,Weber State
26,2016,Patriot League,10,146,173,.458,-8.55,-6.21,0,1,0,Bucknell,Holy Cross
27,2016,America East Conference,9,137,153,.472,-8.83,-6.24,0,1,0,Stony Brook,Stony Brook
28,2016,Southland Conference,13,186,221,.457,-10.68,-6.56,0,1,0,Stephen F. Austin,Stephen F. Austin
29,2016,Northeast Conference,10,133,182,.422,-12.87,-8.79,0,1,0,Wagner,Fairleigh Dickinson
30,2016,Southwest Athletic Conference,10,130,194,.401,-13.98,-8.48,0,1,0,Texas Southern,Southern
31,2016,Mid-Eastern Athletic Conference,13,165,250,.398,-14.26,-8.14,0,1,0,Hampton,Hampton
0,2017,Big 12 Conference,10,215,131,.621,17.44,11.26,4,6,0,Kansas,Iowa State
1,2017,Atlantic Coast Conference,15,320,196,.620,14.66,9.67,6,9,1,North Carolina,Duke
2,2017,Big East Conference,10,203,135,.601,13.19,9.11,2,7,0,Villanova,Villanova
3,2017,Big Ten Conference,14,288,192,.600,12.64,8.75,3,7,0,Purdue,Michigan
4,2017,Southeastern Conference,14,274,202,.576,11.72,8.82,2,5,1,Kentucky,Kentucky
5,2017,Pac-12 Conference,12,238,168,.586,9.33,6.73,3,4,1,"Arizona, Oregon",Arizona
6,2017,American Athletic Conference,11,199,163,.550,6.20,4.11,2,2,0,Southern Methodist,Southern Methodist
7,2017,Atlantic 10 Conference,14,250,211,.542,3.80,2.66,0,3,0,Dayton,Rhode Island
8,2017,Missouri Valley Conference,10,172,155,.526,3.48,2.62,1,1,0,"Illinois State, Wichita State",Wichita State
9,2017,West Coast Conference,10,184,147,.556,3.01,1.94,2,2,1,Gonzaga,Gonzaga
10,2017,Mountain West Conference,11,202,162,.555,2.95,1.92,0,1,0,Nevada,Nevada
11,2017,Colonial Athletic Association,10,171,156,.523,-1.22,-1.27,0,1,0,UNC Wilmington,UNC Wilmington
12,2017,Mid-American Conference,12,211,185,.533,-1.26,-1.67,0,1,0,Akron (East),Kent State
13,2017,Sun Belt Conference,12,217,189,.534,-2.80,-2.60,0,1,0,UT Arlington,Troy
14,2017,Ivy League,8,111,117,.487,-3.17,-2.50,0,1,0,Princeton,Princeton
15,2017,Conference USA,14,224,228,.496,-3.26,-2.42,0,1,0,Middle Tennessee,Middle Tennessee
16,2017,Summit League,9,143,141,.504,-3.30,-1.85,0,1,0,South Dakota,South Dakota State
17,2017,Southern Conference,10,172,160,.518,-3.60,-2.17,0,1,0,"East Tennessee State, Furman, UNC Greensboro",East Tennessee State
18,2017,Horizon League,10,169,164,.508,-3.63,-2.42,0,1,0,"Oakland, Valparaiso",Northern Kentucky
19,2017,Metro Atlantic Athletic Conference,11,179,186,.490,-4.32,-3.32,0,1,0,Monmouth,Iona
20,2017,Western Athletic Conference,8,139,124,.529,-4.37,-2.66,0,1,0,Cal State Bakersfield,New Mexico State
21,2017,Patriot League,10,151,169,.472,-5.00,-3.52,0,1,0,Bucknell,Bucknell
22,2017,Ohio Valley Conference,12,182,196,.481,-5.19,-3.34,0,1,0,Belmont (East),Jacksonville State
23,2017,America East Conference,9,148,147,.502,-6.66,-5.01,0,1,0,Vermont,Vermont
24,2017,Atlantic Sun Conference,8,131,131,.500,-7.21,-4.85,0,1,0,Florida Gulf Coast,Florida Gulf Coast
25,2017,Big West Conference,9,126,160,.441,-7.63,-3.78,0,1,0,UC Irvine,UC Davis
26,2017,Big Sky Conference,12,174,210,.453,-7.72,-5.16,0,1,0,North Dakota,North Dakota
27,2017,Southland Conference,13,202,209,.491,-9.35,-5.82,0,1,0,New Orleans,New Orleans
28,2017,Big South Conference,10,160,165,.492,-9.36,-6.04,0,1,0,"UNC Asheville, Winthrop",Winthrop
29,2017,Northeast Conference,10,133,186,.417,-10.26,-6.52,0,1,0,Mount St. Mary's,Mount St. Mary's
30,2017,Mid-Eastern Athletic Conference,13,156,259,.376,-16.34,-9.42,0,1,0,North Carolina Central,North Carolina Central
31,2017,Southwest Athletic Conference,10,123,199,.382,-17.06,-10.16,0,1,0,Texas Southern,Texas Southern
0,2018,Big 12 Conference,10,220,130,.629,15.16,9.83,3,7,1,Kansas,Kansas
1,2018,Big East Conference,10,213,128,.625,14.22,9.28,2,6,1,Xavier,Villanova
2,2018,Atlantic Coast Conference,15,315,200,.612,13.38,8.51,5,9,0,Virginia,Virginia
3,2018,Big Ten Conference,14,289,189,.605,13.01,7.99,4,4,1,Michigan State,Michigan
4,2018,Southeastern Conference,14,286,193,.597,13.00,9.34,4,8,0,"Auburn, Tennessee",Kentucky
5,2018,Pac-12 Conference,12,231,172,.573,8.61,6.15,1,3,0,Arizona,Arizona
6,2018,American Athletic Conference,12,224,168,.571,5.58,3.41,3,3,0,Cincinnati,Cincinnati
7,2018,Mountain West Conference,11,198,163,.548,4.43,3.05,1,2,0,Nevada,San Diego State
8,2018,Missouri Valley Conference,10,186,145,.562,2.43,1.61,0,1,1,Loyola (IL),Loyola (IL)
9,2018,Atlantic 10 Conference,14,232,224,.509,2.26,1.99,0,3,0,Rhode Island,Davidson
10,2018,West Coast Conference,10,180,159,.531,1.83,1.43,2,1,0,Gonzaga,Gonzaga
11,2018,Conference USA,14,245,221,.526,0.22,0.20,0,1,0,Middle Tennessee,Marshall
12,2018,Mid-American Conference,12,219,181,.548,-2.01,-1.88,0,1,0,Buffalo (East),Buffalo
13,2018,Summit League,8,134,122,.523,-2.89,-1.41,0,1,0,South Dakota State,South Dakota State
14,2018,Sun Belt Conference,12,201,194,.509,-2.96,-2.68,0,1,0,Louisiana,Georgia State
15,2018,Colonial Athletic Association,10,167,156,.517,-3.06,-2.14,0,1,0,"College of Charleston, Northeastern",College of Charleston
16,2018,Big Sky Conference,12,198,195,.504,-3.55,-2.00,0,1,0,Montana,Montana
17,2018,Western Athletic Conference,8,133,130,.506,-3.81,-1.77,0,1,0,New Mexico State,New Mexico State
18,2018,Big West Conference,9,139,148,.484,-4.20,-1.68,0,1,0,UC Davis,Cal State Fullerton
19,2018,Ivy League,8,109,125,.466,-4.65,-3.07,0,1,0,"Harvard, Pennsylvania",Pennsylvania
20,2018,Metro Atlantic Athletic Conference,11,164,191,.462,-4.80,-3.48,0,1,0,"Canisius, Rider",Iona
21,2018,Southern Conference,10,168,161,.511,-5.23,-3.38,0,1,0,UNC Greensboro,UNC Greensboro
22,2018,Ohio Valley Conference,12,190,191,.499,-5.25,-3.54,0,1,0,Murray State,Murray State
23,2018,America East Conference,9,145,147,.497,-5.62,-4.40,0,1,0,Vermont,Maryland-Baltimore County
24,2018,Horizon League,10,154,177,.465,-5.88,-3.58,0,1,0,Northern Kentucky,Wright State
25,2018,Big South Conference,10,164,166,.497,-7.38,-5.26,0,1,0,UNC Asheville,Radford
26,2018,Patriot League,10,145,169,.462,-7.77,-5.83,0,1,0,Bucknell,Bucknell
27,2018,Atlantic Sun Conference,8,118,140,.457,-9.15,-4.72,0,1,0,Florida Gulf Coast,Lipscomb
28,2018,Southland Conference,13,201,215,.483,-9.29,-5.77,0,1,0,"Nicholls State, Southeastern Louisiana",Stephen F. Austin
29,2018,Northeast Conference,10,146,174,.456,-9.84,-6.89,0,1,0,Wagner,Long Island University
30,2018,Southwest Athletic Conference,10,116,211,.355,-15.97,-8.63,0,1,0,Grambling,Texas Southern
31,2018,Mid-Eastern Athletic Conference,13,162,265,.379,-16.74,-9.52,0,1,0,"Bethune-Cookman, Hampton, Savannah State",North Carolina Central
0,2019,Big Ten Conference,14,290,195,.598,15.12,10.82,4,8,1,"Michigan State, Purdue",Michigan State
1,2019,Big 12 Conference,10,216,137,.612,14.82,10.54,4,6,1,"Kansas State, Texas Tech",Iowa State
2,2019,Atlantic Coast Conference,15,316,198,.615,14.17,9.06,5,7,1,"North Carolina, Virginia",Duke
3,2019,Southeastern Conference,14,283,197,.590,12.73,9.29,4,7,1,Louisiana State,Auburn
4,2019,Big East Conference,10,202,142,.587,9.92,6.96,1,4,0,Villanova,Villanova
5,2019,Pac-12 Conference,12,217,181,.545,7.07,5.25,0,3,0,Washington,Oregon
6,2019,American Athletic Conference,12,239,169,.586,7.03,4.21,2,4,0,Houston,Cincinnati
7,2019,West Coast Conference,10,191,142,.574,4.99,2.24,1,2,0,Gonzaga,Saint Mary's (CA)
8,2019,Mid-American Conference,12,226,172,.568,3.00,1.60,1,1,0,Buffalo (East),Buffalo
9,2019,Mountain West Conference,11,183,175,.511,1.49,1.12,2,2,0,"Nevada, Utah State",Utah State
10,2019,Atlantic 10 Conference,14,235,227,.509,1.47,0.83,0,2,0,Virginia Commonwealth,Saint Louis
11,2019,Missouri Valley Conference,10,171,159,.518,-0.69,-0.23,0,1,0,"Drake, Loyola (IL)",Bradley
12,2019,Southern Conference,10,178,150,.543,-0.71,-0.60,1,1,0,Wofford,Wofford
13,2019,Ivy League,8,132,109,.548,-1.46,-1.58,0,1,0,"Harvard, Yale",Yale
14,2019,Sun Belt Conference,12,204,190,.518,-1.74,-1.14,0,1,0,Georgia State,Georgia State
15,2019,Conference USA,14,244,217,.529,-1.76,-1.10,0,1,0,Old Dominion,Old Dominion
16,2019,Western Athletic Conference,9,161,142,.531,-3.01,-2.14,0,1,0,New Mexico State,New Mexico State
17,2019,Horizon League,10,158,173,.477,-3.34,-1.66,0,1,0,"Northern Kentucky, Wright State",Northern Kentucky
18,2019,Colonial Athletic Association,10,163,165,.497,-4.53,-3.12,0,1,0,Hofstra,Northeastern
19,2019,Big West Conference,9,142,153,.481,-4.77,-2.74,0,1,0,UC Irvine,UC Irvine
20,2019,Atlantic Sun Conference,9,145,155,.483,-5.36,-2.55,0,1,0,"Liberty, Lipscomb",Liberty
21,2019,Summit League,9,136,150,.476,-5.49,-3.38,0,1,0,South Dakota State,North Dakota State
22,2019,Patriot League,10,157,163,.491,-5.57,-4.61,0,1,0,"Bucknell, Colgate",Colgate
23,2019,Ohio Valley Conference,12,190,192,.497,-5.82,-3.73,0,2,0,"Belmont, Murray State",Murray State
24,2019,Big South Conference,11,181,183,.497,-6.03,-4.25,0,1,0,"Campbell, Radford",Gardner-Webb
25,2019,America East Conference,9,137,155,.469,-8.04,-5.55,0,1,0,Vermont,Vermont
26,2019,Big Sky Conference,11,170,186,.478,-8.25,-5.81,0,1,0,Montana,Montana
27,2019,Metro Atlantic Athletic Conference,11,150,203,.425,-9.08,-6.58,0,1,0,Iona,Iona
28,2019,Southland Conference,13,198,217,.477,-10.05,-6.10,0,1,0,Sam Houston State,Abilene Christian
29,2019,Northeast Conference,10,148,174,.460,-10.81,-7.47,0,1,0,"Fairleigh Dickinson, Saint Francis (PA)",Fairleigh Dickinson
30,2019,Southwest Athletic Conference,10,129,200,.392,-14.78,-8.26,0,1,0,Prairie View,Prairie View
31,2019,Mid-Eastern Athletic Conference,12,151,238,.388,-16.00,-9.20,0,1,0,Norfolk State,North Carolina Central
0,2020,Big Ten Conference,14,255,181,.585,15.12,10.49,6,0,0,,"Maryland, Michigan State, Wisconsin"
1,2020,Big 12 Conference,10,188,125,.601,14.40,10.02,3,0,0,,Kansas
2,2020,Big East Conference,10,195,117,.625,13.66,9.19,4,0,0,,"Creighton, Seton Hall, Villanova"
3,2020,Pac-12 Conference,12,226,152,.598,11.47,7.66,1,0,0,,Oregon
4,2020,Atlantic Coast Conference,15,276,197,.584,11.06,7.73,4,0,0,,Florida State
5,2020,Southeastern Conference,14,254,183,.581,10.76,7.36,2,0,0,,Kentucky
6,2020,American Athletic Conference,12,213,155,.579,8.10,4.75,1,0,0,,"Cincinnati, Houston, Tulsa"
7,2020,West Coast Conference,10,191,136,.584,5.79,3.33,2,0,0,Gonzaga,Gonzaga
8,2020,Mountain West Conference,11,190,162,.540,5.24,4.02,1,0,0,San Diego State,Utah State
9,2020,Atlantic 10 Conference,14,244,189,.564,4.73,2.69,1,0,0,,Dayton
10,2020,Missouri Valley Conference,10,177,147,.546,1.95,0.96,0,0,0,Northern Iowa,Bradley
11,2020,Mid-American Conference,12,211,169,.555,0.14,-0.51,0,0,0,,Akron (East)
12,2020,Conference USA,14,225,213,.514,-0.24,-0.10,0,0,0,,North Texas
13,2020,Sun Belt Conference,12,197,185,.516,-0.78,-0.34,0,0,0,,Little Rock
14,2020,Southern Conference,10,178,147,.548,-1.62,-1.73,0,0,0,East Tennessee State,East Tennessee State
15,2020,Ivy League,8,114,112,.504,-2.15,-1.77,0,0,0,,Yale
16,2020,Colonial Athletic Association,10,168,156,.519,-3.06,-2.43,0,0,0,Hofstra,Hofstra
17,2020,Big Sky Conference,11,174,168,.509,-3.07,-2.08,0,0,0,,Eastern Washington
18,2020,Big West Conference,9,134,148,.475,-4.26,-1.87,0,0,0,,UC Irvine
19,2020,Summit League,9,141,142,.498,-4.29,-2.68,0,0,0,"North Dakota State, South Dakota State",North Dakota State
20,2020,Horizon League,10,153,171,.472,-6.04,-3.70,0,0,0,Wright State,Northern Kentucky
21,2020,Metro Atlantic Athletic Conference,11,157,180,.466,-6.83,-5.64,0,0,0,,Siena
22,2020,America East Conference,9,141,145,.493,-6.96,-5.06,0,0,0,,Vermont
23,2020,Western Athletic Conference,9,130,141,.480,-7.12,-4.05,0,0,0,,New Mexico State
24,2020,Patriot League,10,153,166,.480,-7.35,-5.55,0,0,0,Colgate,Boston University
25,2020,Ohio Valley Conference,12,180,202,.471,-7.62,-5.54,0,0,0,"Belmont, Murray State",Belmont
26,2020,Atlantic Sun Conference,9,130,155,.456,-7.85,-4.83,0,0,0,"Liberty, North Florida",Liberty
27,2020,Northeast Conference,11,159,189,.457,-9.04,-6.32,0,0,0,Merrimack,Robert Morris
28,2020,Southland Conference,13,188,214,.468,-9.42,-5.92,0,0,0,,Stephen F. Austin
29,2020,Big South Conference,11,166,189,.468,-9.86,-6.81,0,0,0,"Radford, Winthrop",Winthrop
30,2020,Mid-Eastern Athletic Conference,11,131,208,.386,-14.34,-8.36,0,0,0,,North Carolina Central
31,2020,Southwest Athletic Conference,10,122,190,.391,-14.97,-8.14,0,0,0,,Prairie View
0,2021,Big Ten Conference,14,227,172,.569,14.91,11.89,5,9,0,Michigan,Illinois
1,2021,Pac-12 Conference,12,193,150,.563,11.89,9.86,2,5,1,Oregon,Oregon State
2,2021,Big 12 Conference,10,165,116,.587,11.74,8.94,6,7,1,Baylor,Texas
3,2021,Southeastern Conference,14,212,163,.565,11.18,8.48,2,6,0,Alabama,Alabama
4,2021,Big East Conference,11,152,125,.549,10.56,8.73,2,4,0,Villanova,Georgetown
5,2021,Atlantic Coast Conference,15,201,164,.551,10.17,8.22,3,7,0,Virginia,Georgia Tech
6,2021,American Athletic Conference,11,141,107,.569,6.77,5.54,1,2,1,Wichita State,Houston
7,2021,West Coast Conference,10,134,96,.583,5.24,5.06,2,2,1,Gonzaga,Gonzaga
8,2021,Atlantic 10 Conference,14,151,142,.515,3.54,3.10,0,2,0,St. Bonaventure,St. Bonaventure
9,2021,Missouri Valley Conference,10,144,124,.537,1.22,0.86,1,2,0,Loyola (IL),Loyola (IL)
10,2021,Mountain West Conference,11,152,131,.537,-0.05,0.68,1,2,0,San Diego State,San Diego State
11,2021,Conference USA,14,201,162,.554,-0.76,-1.35,0,1,0,"Louisiana Tech, Western Kentucky",North Texas
12,2021,Southern Conference,10,144,111,.565,-1.02,-1.42,0,1,0,UNC Greensboro,UNC Greensboro
13,2021,Patriot League,10,81,78,.509,-2.86,-2.51,0,1,0,,Colgate
14,2021,Mid-American Conference,12,141,138,.505,-3.22,-1.97,0,1,0,Toledo (West),Ohio
15,2021,Big West Conference,11,122,116,.513,-3.43,-2.10,0,1,0,UC Santa Barbara,UC Santa Barbara
16,2021,Colonial Athletic Association,10,92,95,.492,-4.83,-3.54,0,1,0,"James Madison, Northeastern",Drexel
17,2021,Big Sky Conference,11,129,125,.508,-5.63,-3.91,0,1,0,Southern Utah,Eastern Washington
18,2021,Summit League,9,97,125,.437,-5.98,-2.98,0,1,0,South Dakota State,Oral Roberts
19,2021,America East Conference,10,89,97,.478,-6.51,-5.38,0,1,0,"Maryland-Baltimore County, Vermont",Hartford
20,2021,Sun Belt Conference,12,169,143,.542,-6.62,-5.73,0,1,0,"Georgia State, Texas State",Appalachian State
21,2021,Atlantic Sun Conference,9,111,107,.509,-7.61,-5.59,0,1,0,Liberty,Liberty
22,2021,Metro Atlantic Athletic Conference,11,110,116,.487,-7.88,-7.43,0,1,0,"Monmouth, Siena",Iona
23,2021,Horizon League,12,137,147,.482,-7.89,-6.45,0,1,0,"Cleveland State, Wright State",Cleveland State
24,2021,Western Athletic Conference,9,92,89,.508,-8.08,-3.22,0,1,0,"Grand Canyon, Utah Valley",Grand Canyon
25,2021,Ohio Valley Conference,12,162,162,.500,-8.18,-6.79,0,1,0,Belmont,Morehead State
26,2021,Big South Conference,11,123,146,.457,-8.72,-7.14,0,1,0,Winthrop,Winthrop
27,2021,Northeast Conference,10,96,109,.468,-8.72,-7.37,0,1,0,Wagner,Mount St. Mary's
28,2021,Southland Conference,13,150,180,.455,-10.87,-7.02,0,1,0,Nicholls State,Abilene Christian
29,2021,Mid-Eastern Athletic Conference,10,69,97,.416,-14.55,-7.62,0,1,0,"Coppin State, Norfolk State, North Carolina A&T",Norfolk State
30,2021,Southwest Athletic Conference,10,87,122,.416,-17.68,-12.11,0,1,0,Prairie View,Texas Southern
31,2021,Ivy League,8,0,0,0,0,0,,0,,,
0,2022,Big 12 Conference,10,217,126,.633,15.54,9.75,4,6,1,"Baylor, Kansas",Kansas
1,2022,Southeastern Conference,14,283,196,.591,12.34,8.45,4,6,0,Auburn,Tennessee
2,2022,Big Ten Conference,14,271,193,.584,11.92,8.60,4,9,0,"Illinois, Wisconsin",Iowa
3,2022,Big East Conference,11,218,148,.596,11.22,8.16,3,6,1,Providence,Villanova
4,2022,Pac-12 Conference,12,222,178,.555,9.49,7.35,3,3,0,Arizona,Arizona
5,2022,Atlantic Coast Conference,15,290,224,.564,9.04,6.78,1,5,2,Duke,Virginia Tech
6,2022,American Athletic Conference,11,194,151,.562,7.32,4.95,1,2,0,Houston,Houston
7,2022,Mountain West Conference,11,204,153,.571,5.83,4.18,2,4,0,Boise State,Boise State
8,2022,West Coast Conference,10,183,141,.565,5.14,3.26,2,3,0,Gonzaga,Gonzaga
9,2022,Atlantic 10 Conference,14,243,208,.539,3.46,2.30,0,2,0,Davidson,Richmond
10,2022,Missouri Valley Conference,10,170,153,.526,2.66,1.53,0,1,0,Northern Iowa,Loyola (IL)
11,2022,Conference USA,14,250,214,.539,-0.35,-0.62,0,1,0,"Middle Tennessee, North Texas",UAB
12,2022,Southern Conference,10,177,148,.545,-1.71,-1.51,0,1,0,Chattanooga,Chattanooga
13,2022,Colonial Athletic Association,10,166,156,.516,-2.20,-1.33,0,1,0,"Towson, UNC Wilmington",Delaware
14,2022,Western Athletic Conference,13,221,197,.529,-2.58,-1.70,0,1,0,"New Mexico State, Seattle, Stephen F. Austin",New Mexico State
15,2022,Metro Atlantic Athletic Conference,11,180,169,.516,-3.28,-2.96,0,1,0,Iona,Saint Peter's
16,2022,Big West Conference,11,155,158,.495,-3.65,-2.45,0,1,0,Long Beach State,Cal State Fullerton
17,2022,Sun Belt Conference,12,198,169,.540,-3.69,-2.41,0,1,0,Texas State,Georgia State
18,2022,Ivy League,8,108,113,.489,-4.30,-2.82,0,1,0,Princeton,Yale
19,2022,Mid-American Conference,12,192,191,.501,-5.01,-3.39,0,1,0,Toledo (West),Akron
20,2022,Atlantic Sun Conference,12,188,192,.495,-5.90,-3.28,0,1,0,Jacksonville State,Bellarmine
21,2022,Ohio Valley Conference,10,154,165,.483,-5.92,-3.92,1,1,0,Murray State,Murray State
22,2022,Summit League,10,158,158,.500,-6.69,-4.83,0,1,0,South Dakota State,South Dakota State
23,2022,Big South Conference,12,179,194,.480,-7.32,-4.58,0,1,0,Longwood,Longwood
24,2022,Big Sky Conference,11,179,181,.497,-7.38,-5.05,0,1,0,Montana State,Montana State
25,2022,America East Conference,10,148,158,.484,-8.15,-6.26,0,1,0,Vermont,Vermont
26,2022,Horizon League,12,176,205,.462,-8.22,-5.83,0,1,0,"Cleveland State, Purdue-Fort Wayne",Wright State
27,2022,Patriot League,10,146,174,.456,-9.62,-7.19,0,1,0,Colgate,Colgate
28,2022,Southland Conference,8,119,141,.458,-10.58,-5.90,0,1,0,Nicholls State,Texas A&M-Corpus Christi
29,2022,Northeast Conference,10,128,169,.431,-10.96,-7.54,0,1,0,Bryant,Bryant
30,2022,Mid-Eastern Athletic Conference,8,106,131,.447,-12.03,-7.67,0,1,0,Norfolk State,Norfolk State
31,2022,Southwest Athletic Conference,12,137,229,.374,-12.03,-5.86,0,1,0,Alcorn State,Texas Southern
